word,translation,tag
abide,"vi. 停留, 遵守, 居留, 继续下去\nvt. 忍受, 经受, 屈从于",cet6 ky toefl gre
ability,"n. 能力, 才干\n[经] 能力, 才能",zk gk cet4 ky toefl ielts
able,"a. 能干的, 能够的",zk gk
aboard,"adv. 在船上, 在火车上, 在飞机上\nprep. 在...之上",gk cet4 ky toefl
above,"prep. 在上方, 超出\nadv. 在上面\na. 上述的, 上面的",zk gk
absent,"a. 缺席的, 不在的, 缺乏的, 漫不经心的\nvt. 使缺席",zk gk cet4 cet6 ky toefl
absorb,"vt. 吸收, 使全神贯注, 同化, 买进, 理解, 承受, 忍受, 承担\n[医] 吸收",gk cet4 cet6 ky toefl ielts gre
accent,"n. 重音, 口音, 特点, 注重点\nvt. 重读, 加重音号于, 强调",zk gk cet4 ky
accept,"vt. 接受, 承认, 同意, 相信, 赞成, 承担, 承兑, 采纳, 接纳, 容忍\nvi. 同意",zk gk cet4 ky
acceptance,"n. 接受, 接纳, 承认, 同意, 赞同, 容忍, 相信\n[经] 承兑, 认付, (工程)验收",cet4 cet6 ky
access,"n. 通路, 入口, 接近, 进入, 使用权, 发作\nvt. 访问, 存取, 接近, 使用\n[计] 访问, 存取",gk cet4 cet6 ky toefl ielts gre
accessible,"a. 易接近的, 可进入的, 可使用的, 易受影响的, 可理解的",gk cet6 toefl ielts gre
accessory,"n. 附件, 零件, 附加物, 从犯, 同谋\na. 附属的, 补充的, 同谋的, 帮凶的, 非主要的, 副的\n[计] 附件",cet4 cet6 ky toefl ielts gre
acclaim,"n. 喝彩, 欢呼, 赞同\nv. 欢呼, 喝彩, 称赞",ky toefl ielts gre
accommodate,"vt. 使适应, 调和, 通融, 容纳, 向...提供\nvi. 适应",cet4 cet6 ky toefl ielts gre
accomplishment,"n. 成就, 完成",cet6 toefl
accord,"n. 一致, 调和, 协定\nvt. 给与, 使一致\nvi. 相符合",cet4 cet6 ky toefl ielts gre
accordingly,"adv. 相应地, 因此, 于是",cet4 cet6 ky
account,"n. 报告, 解释, 估价, 理由, 利润, 算账, 帐目\nvi. 报帐, 解释, 导致, 报偿, 占, 杀死\nvt. 认为\n[计] 帐户, 帐号",gk cet4 ky toefl ielts
accountant,"n. 会计人员, 会计师\n[经] 会计师, 会计人员",gk ky toefl ielts
accumulate,"v. 积聚, 堆积",gk cet4 cet6 ky toefl ielts gre
accuracy,"n. 精确, 正确\n[计] 准确度",gk cet4 cet6 ky toefl ielts gre
accurately,"adv. 正确地, 精确地",
accustom,vt. 使习惯于,cet4 cet6 ky toefl
achieve,"vt. 完成, 达到\nvi. 如愿以偿",zk gk cet4 cet6 ky toefl ielts
across,"prep. 越过, 穿过, 与...相交叉, 在...的对面\nadv. 交叉, 到另一边, 在对面, 成十字",zk gk
act,"n. 行动, 行为, 幕, 法案\nvi. 行动, 表演, 假装, 见效, 表现, 担当\nvt. 扮演, 装作\n[计] 先进通信技术, 先进计算机工艺, 自动代码翻译技术",zk gk cet4 ky
action,"n. 行动, 活动, 动作, 作用, 战斗, 行为, 诉讼\nvt. 对...起诉\n[计] 方式",zk gk cet4 cet6 ky toefl ielts
activate,"vt. 使活动, 使激活, 正式建成\nvi. 有活力",ky toefl ielts
actively,"adv. 活跃地, 积极地",toefl
activity,"n. 活动, 行动, 活跃, 活力\n[计] 活动",zk gk cet4 ky ielts
actress,n. 女演员,gk cet4 ky
actually,"adv. 事实上, 竟然, 如今, 现在",cet4 cet6 toefl
adapter,"n. 适应者, 改编者, 接合器\n[计] 衔接器; 适配器, 适配卡",
addition,"n. 加法, 增加的人(或物)\n[计] 加法",gk cet4 cet6 ky ielts gre
additionally,"adv. 另外, 此外",
address,"n. 住址, 演说, 举止, 灵巧, 求爱\nvt. 发表(演说或讲话), 对付, 写地址\n[计] 地址, 寻址",zk gk cet4 cet6 ky toefl ielts gre
adhere,"vi. 依附, 粘着, 坚持, 追随, 拥护\nvt. 使粘附",cet4 cet6 ky toefl ielts gre
adjacent,"a. 毗连的, 邻近的, 连接的\n[机] 相邻的, 邻位的, 交界的",cet6 ky toefl ielts gre
administer,"vt. 管理, 料理, 执行\nvi. 执行遗产管理人的职责, 给予帮助",ky toefl ielts
administrative,"a. 管理的, 行政的\n[法] 行政的, 管理的, 遗产管理的",toefl
administrator,"n. 管理人, 行政官\n[经] 遗产管理人员",toefl ielts
admission,"n. 准许进入, 入场费, 录用, 承认\n[经] 加入, 入股",gk cet4 cet6 ky toefl ielts gre
adult,"n. 成人, 成虫\na. 成年的, 成熟的",gk cet4 ky ielts
advance,"n. 前进, 进展, 行过的路程\nvi. 前进, 进展, 提高, 上涨\nvt. 使前进, 促进, 提出, 提高, 使提前, 预付\na. 前面的, 预先的",gk cet4 cet6 ky toefl
advancement,"n. 前进, 进步, 提升\n[医] 徙前术",toefl
advantage,"n. 优点, 便利, 好处, 优势\nvt. 有助于",zk gk cet4 ky
advertiser,"n. 做广告者, 广告客户\n[经] 广告商, 广告者",
advisable,"a. 适当的, 明智的",cet4 cet6 ky toefl gre
advisor,"n. 顾问, 劝告者, 指导教师",
advisory,"a. 顾问的, 咨询的, 劝告的\n[法] 劝告的, 忠告的, 咨询的",
affect,"vt. 影响, 感动, 假装, 模仿, 爱好, 倾向于\nn. 自觉感情",gk cet4 cet6 ky toefl ielts
affirmative,"a. 肯定的, 赞成的, 积极的\nn. 肯定语",
affordable,[计] 普及型,toefl gre
afternoon,"n. 午后, 下午",zk gk
afterward,"adv. 然后, 后来",gk cet4 cet6 ky
age,"n. 年龄, 老年, 成年, 寿命, 时代, 时期\nv. 变老, 成熟",zk gk toefl ielts
agency,"n. 代理机构, 经销商, 中介\n[化] 办事处",gk cet4 ky ielts
agent,"n. 代理商, 政府代表, 动原, 媒介\n[计] 代理程序",gk cet4 ky toefl
agree,"vi. 同意, 赞成, 应允, 适合\nvt. 承认, 认定, 同意",zk gk
agreement,"n. 同意, 合约, 协议\n[经] 契约, 协议, 协定",zk gk ielts
ahead,"a. 领先的, 预先的, 向前的\nadv. 领先, 预先, 向前, 胜于, 在前面, 在将来",gk
aim,"n. 目标, 瞄准, 击中目标的能力\nvi. 对准目标, 致力, 打算\nvt. 瞄准\n[计] 医学文摘索引, 存取隔离机构, 高级信息管理程序, 先进接口模块\n应用接口模块, 医学人工智能, 相联索引法, 异步接口模块\n自动化信息管理, 自动化综合制造, 自动化库存管理",gk cet4 cet6 ky toefl ielts
airfare,n. 飞机票价,
airplane,n. 飞机\n[机] 飞机,zk gk cet4
airport,"n. 飞机场\n[机] 航空站, 机场",zk gk ielts
aisle,"n. 走廊, 侧廊, 过道\n[机] 走道",ky ielts
alert,"a. 警觉的, 灵敏的, 留心的\nn. 警报\nvt. 使警觉, 通知, 使意识到",cet4 cet6 ky toefl gre
alike,"a. 相似的, 同样的\nadv. 一样, 以同样的方式",gk cet4 cet6 ky toefl
allergy,"n. 变应性, 反感, 厌恶\n[化] 变态反应; 变应性",ielts gre
allocate,"vt. 分派, 分配\n[计] 分配",gk cet6 ky toefl ielts gre
alone,"a. 孤独的, 单独的, 独自的\nadv. 独自地",zk gk cet4 ky toefl ielts
along,"adv. 平行地, 向前\nprep. 沿着",zk gk
alternate,"a. 交替的, 轮流的, 间隔的\nv. 轮流, (使)交替",cet6 ky toefl ielts gre
alternatively,adv. 非此即彼,
although,"conj. 虽然, 尽管",zk gk cet4 ky
amateur,"n. 业余爱好者, 外行, 爱好者\n[电] 业余家",gk cet6 ky toefl ielts gre
ambassador,"n. 大使\n[法] 大使, 使节, 代理",gk cet6 ky ielts
ambitious,"a. 有野心的, 抱负不凡的, 雄心勃勃的",cet6 ky toefl ielts
amenity,"n. 便利设施, 适意, 礼仪\n[法] 舒适, 方便, 优雅",toefl gre
amount,"n. 总数, 总额\nvi. 总计, 等同",gk cet4 ky toefl ielts
ample,"a. 大量的, 充足的, 丰富的",gk cet6 ky toefl ielts gre
amuse,"vt. 消遣, 娱乐, 使发笑",gk cet4 cet6 ky ielts gre
analysis,n. 分析\n[计] 分析机; 分析员; 分析; 分析程序,gk cet4 cet6 ky toefl ielts
anew,"adv. 重新, 再",
animal,n. 动物\n[医] 动物,zk gk ielts
anniversary,n. 周年纪念,gk cet6 ky ielts
announce,"vt. 宣布, 声称, 显示, 预告\nvi. 当报幕员, 宣布参加竞选",gk cet4 cet6 ky toefl gre
announcer,"n. 节目报告员, 宣告者",cet4 toefl
annoy,"vt. 使恼怒, 骚扰",gk toefl ielts gre
annually,"adv. 一年一次, 每年\n[经] 年度的, 每年的",cet6 toefl
answer,"n. 答案, 回答, 回报, 答辩\nvt. 回答, 反驳, 适应, 响应, 符合\nvi. 回答, 答应, 负责, 符合, 成功\n[计] 用户问题及答案新闻组",zk gk
antique,"n. 古董, 古物\na. 古老的, 古风的, 旧式的, 过时的",gk cet6 ky toefl ielts gre
anyhow,"adv. 无论如何, 至少",gk cet4 ky ielts
anyone,pron. 任何人,zk gk cet4 ky
anytime,adv. 任何时候；无例外地,
anyway,"adv. 无论如何, 至少",zk cet4 ky
apology,"n. 道歉, 辩护\n[法] 道歉, 谢罪, 辩解者",gk cet4 ky toefl
appear,"vi. 出现, 显得, 来到\n[法] 出庭, 到案, 出现",zk gk cet4 ky toefl
appendix,"n. 附录, 附加物, 阑尾\n[化] 增补",gk cet6 ky ielts
appetizer,"n. 开胃食品, 吊胃口的东西\n[医] 开胃剂",gre
apple,"n. 苹果, 家伙\n[医] 苹果",zk gk
appliance,"n. 器械, 用具, 应用\n[医] 矫正器; 器",cet4 cet6 ky toefl ielts
applicable,"a. 合适的, 可应用的\n[法] 适用的, 适应的",cet4 cet6 ky gre
applicant,"n. 申请者\n[经] 申请人, 请求人, 谋事人",gk cet4 toefl ielts gre
application,"n. 应用, 申请, 志愿书, 应用程序\n[计] 应用, 应用程序",gk cet4 cet6 ky toefl ielts gre
apply,"vt. 涂, 应用\nvi. 申请, 适用",gk cet4 cet6 ky toefl ielts
appraisal,"n. 评价, 估价\n[经] 评价, 评估",cet6 ky toefl ielts
appreciation,"n. 感激, 赏识, 鉴别\n[经] 涨价, 增值",gk cet6 toefl
apprehensive,"a. 惴惴不安的, 敏悟的, 知晓的",ky gre
apprentice,"n. 学徒, 生手\nvt. 使做学徒",toefl ielts gre
approach,"n. 接近, 入门\nvt. 接近, 近似, 找...商量\nvi. 靠近",gk cet4 cet6 ky toefl ielts gre
approximate,"a. 大约的, 接近的, 近似的\nvt. 接近, 使接近, 粗略估计\nvi. 接近于",cet4 cet6 ky toefl ielts gre
arc,"n. 弧, 弧形, 弓形, 弧光\n[化] 弧",cet6 toefl ielts
architect,"n. 建筑师, 设计者, 缔造者",gk cet4 cet6 ky toefl ielts gre
architectural,"a. 有关建筑的, 建筑学的",toefl
archive,"vt. 把...存档\nn. 档案馆, 档案文件\n[计] 挡案库, 存档",ky gre
argue,"vi. 提出理由, 争论, 辩论\nvt. 主张, 辩论, 证明, 说服",gk cet4 cet6 ky ielts
argument,"n. 争论, 论证, 论据, 自变量\n[计] 参数",gk cet4 ky ielts
arm,"n. 手臂, 袖子, 狭长港湾, 武器\nvt. 武装, 装备\nvi. 武装起来\n[计] 异步应答方式; 自动货品销路管理",zk gk
arrive,"vi. 到达, 抵达",zk gk
art,"n. 艺术, 人文科学, 技术, 巧妙, 诡计, 美术\n[计] 实际保持时间, 特许权和资源表, 平均检索时间, 平均运行时间",zk gk cet4 ky ielts
article,"n. 文章, 冠词, 物品, 物件, 条款, 契约\n[计] 信件",zk gk cet4 ky toefl ielts
artistic,"a. 艺术的, 艺术家的, 富有艺术性的",cet4 cet6 ky ielts
asleep,"a. 睡着的, 长眠的, 麻木的\nadv. 熟睡地",zk gk cet4 ky
aspect,"n. 外观, 方面, 面貌, 方向\n[医] 方面, 局面; 外观",gk cet4 cet6 ky toefl gre
assemble,"vt. 集合, 收集, 装配\nvi. 集合\n[计] 汇编",cet4 cet6 ky toefl ielts gre
assembly,"n. 与会者, 集会, 装配, 组件\n[化] 装配",cet4 ky toefl
assignment,"n. 分配, 功课, 任务, 转让, 归因, 陈述\n[计] 赋值",cet4 cet6 ky toefl ielts
associate,"n. 同伴, 伙伴, 关联的事物\nvt. 使联合, 使发生联系\nvi. 交往\n[计] 关联",gk cet4 cet6 ky toefl ielts gre
assume,"vt. 假定, 承担, 呈现\nvi. 装腔作势, 僭越",gk cet4 cet6 ky toefl ielts gre
assurance,"n. 保证, 把握, 信心, 保险\n[经] 保证, 担保, 保险",cet6 ky ielts
athletic,a. 运动的,gk cet6
attack,"n. 攻击, 抨击\nvt. 攻击, 抨击, 动手干\nvi. 攻击",gk cet4 cet6 ky ielts
attain,"vt. 达到, 获得\nvi. 达到",gk cet4 cet6 ky toefl ielts gre
attempt,"n. 尝试, 企图\nvt. 尝试, 企图",gk cet4 cet6 ky toefl ielts
attend,"vt. 参加, 照料, 伴随\nvi. 专心于, 照顾, 服侍, 出席",gk cet4 ky toefl ielts
attendant,"n. 随从, 侍者, 出席者\na. 侍候的, 伴随的, 出席的, 在场的",cet6 ky toefl ielts
attendee,"[计] 出席人, 参加者, 被照顾者, 被服务者",
attention,"n. 注意, 注意力\n[计] 引起注意信号",zk gk cet4 ky toefl ielts
attire,"n. 服装, 盛装\nvt. 使穿衣, 打扮",toefl gre
attorney,"n. 代理人, 律师\n[经] 律师, 代理人",cet6 ky toefl ielts gre
auction,n. 拍卖\nvt. 拍卖,ky ielts gre
audit,"n. 审计, 查帐\nvt. 查(帐), 旁听\nvi. 查账\n[计] 查帐; 审查; 检查",ky toefl ielts gre
audition,"n. 听, 听力, 试听\n[计] 审计命令",toefl ielts
auditor,"n. 审计员, 听者, 旁听生\n[经] 审计(查帐)员, 审计师, 会计检查员",toefl
auditorium,"n. 听众席, 礼堂\n[医] 大讲堂, 大会堂",ky toefl ielts gre
authentic,"a. 可靠的, 可信的, 真正的\n[法] 被认证的, 确认的, 可信的",gk cet6 ky toefl ielts gre
author,"n. 作家, 作家的著作, 创始人\n[法] 作者, 著作人, 本人",gk cet4 cet6 ky ielts
authority,"n. 权力, 当权者, 当局, 权威, 专家\n[经] 代理权, 授权, 权威",gk cet4 cet6 ky toefl ielts
authorization,"n. 授权, 许可\n[经] 授权, 许可, 批准",gre
authorize,"vt. 授权, 批准, 委托\n[经] 授权, 委任, 认可",toefl ielts
auto,"n. 汽车\npref. 表示""自己""、""本身"", 表示""自己的"", 表示""自动的""",cet4 ky
automate,vt.vi. (使)自动化\n[计] 自动化,cet6
automatic,"n. 自动手枪, 自动机械\na. 自动的, 机械的, 必然的, 无意识的",gk cet4 cet6 ky toefl ielts
automobile,n. 汽车\n[机] 汽车,cet4 cet6 ielts
automotive,a. 汽车的,toefl
availability,"n. 有效性, 可利用性, 可利用的人\n[计] 有效性; 可用性",cet6
available,"a. 可利用的, 可获得的, 有效的\n[医] 有效的, 可得的",zk gk cet4 cet6 ky toefl ielts gre
average,"n. 平均, 平均数, 一般水平, 海损\na. 平均的, 中等的, 平常的\nvt. 算出...平均数, 平均做, 均分, 使平衡\nvi. 平均为, 呈中间色",gk cet4 ky toefl ielts
avoid,"vt. 避免, 防止, 撤消\n[法] 避免, 回避, 躲开",zk gk cet4 ky toefl ielts gre
await,vt. 等候\nvi. 等待着,cet4 ky
baby,n. 婴孩\n[医] 婴儿,zk gk
backpack,"n. 远足用的背包；双肩背包, 背包",toefl
bacteria,"pl. 细菌\n[医] 细菌, [无芽胞]杆菌",cet4 cet6 toefl ielts gre
bad,a. 坏的\nn. 坏\nadv. 坏地,zk gk
badge,"n. 徽章, 标记\n[计] 标记",cet6 ky ielts gre
baggage,n. 行李\n[经] 行李,gk cet4 ky toefl ielts
bake,"vt. 烘焙, 烤\nvi. 烤面包\nn. 烘焙, 烤",gk cet4 ky ielts
baker,n. 面包师\n[医] 烤箱(骨科用),
bakery,n. 面包店,gk
balance,"n. 平衡, 差额\nvi. 平衡, 相等\nvt. 称, 权衡, 比较, 使平衡, 结算, 抵消",gk cet4 ky toefl ielts
balcony,"n. 阳台, 戏院楼厅",gk cet4 cet6 ky toefl ielts
balloon,"n. 气球\nvt. 使成气球状\nvi. 膨胀如气球, 激增",zk gk cet4 ky toefl ielts gre
ballroom,"n. 舞厅, 跳舞场",ielts
bank,"n. 银行, 堤, 岸\n[医] 库",zk gk ielts
banker,"n. 银行家, 庄家\n[经] 银行业者, 银行家",cet6 toefl
bankrupt,n. 破产者\na. 破产的\nvt. 使破产,cet6 ky toefl ielts gre
bankruptcy,"n. 破产者\n[经] 破产, 倒闭",cet6 toefl
banquet,n. 宴会,cet6 ky toefl ielts gre
bar,"n. 条, 棒, 酒吧, 栅, 障碍物\nvt. 禁止, 阻挡, 妨碍\n[计] 棒形图",gk cet4 ky toefl ielts gre
barbecue,"n. 烤肉\nvt. 烤肉, 烧烤",gk ky toefl ielts gre
bargain,"n. 交易, 买卖协定, 特价商品\nv. 讲价, 交易",gk cet4 cet6 ky ielts gre
base,"n. 底部, 垒, 基础, 基地\nvt. 以...作基础\na. 卑鄙的, 低劣的\n[计] 基准",gk cet4 ky gre
baseball,n. 棒球\n[计] 棒球系统,zk gk cet4 cet6 ky ielts
basement,"n. 地下室, 墙脚\n[化] 地下室",gk cet6 ky toefl ielts
basic,"n. 基本原理, 要素, 基本规律\na. 基本的, 碱性的\n(计算机)BASIC语言",zk gk cet4 ky toefl ielts
basis,"n. 基础, 主要成分\n[化] 基底",gk cet4 ky ielts
basket,"n. 篮, 篮子\nvt. 装入篮",zk gk
basketball,n. 篮球,zk gk
bathroom,"n. 浴室, 厕所",zk gk cet4 ky ielts
battery,"n. 电池, 殴打\n[化] 蓄电池",gk cet4 cet6 ky toefl ielts
bean,n. 豆子\n[化] 油嘴; 豆,gk cet4 cet6 ky toefl
bear,"n. 熊\nvt. 忍受, 支承, 产生, 怀有, 通过卖空使跌价\nvi. 忍受, 结果实, 压挤, 行进, 转向",gk toefl ielts
beautiful,a. 美丽的,zk gk ielts
bed,"n. 床, 睡眠处, 河床, 底座, 路基, 一层\nvt. 提供宿处, 栽种, 安装\nvi. 睡, 形成坚实的一层",zk gk
beforehand,adv. 预先,cet4 cet6 ky toefl ielts
beginner,n. 初学者,cet4
behalf,"n. 利益, 方面",gk cet4 cet6 ky toefl ielts
behavior,"n. 行为, 举止\n[医] 行为",cet4 cet6 ky toefl ielts
behind,adv. 在后地\nprep. 在...背后,zk gk
believe,v. 相信,zk gk
below,prep. 在下面\nadv. 在下面,zk gk toefl
bench,n. 长椅子\n[机] 台,gk cet4 cet6 ky gre
beneficial,"a. 有益的, 受益的\n[经] 有使用权的, 可享利益的",gk cet4 ky toefl ielts
benefit,n. 利益\nvt. 有益于\nvi. 受益,gk cet4 cet6 ky toefl ielts
beverage,n. 饮料\n[化] 饮料(如牛奶、茶、咖啡、啤酒等),ky toefl ielts gre
beyond,"prep. 超过, 在那一边, 迟于\nadv. 在远处\nn. 更远处",zk gk cet4 ky
bicycle,n. 自行车,zk gk cet4 ky ielts
bill,"n. 帐单, 清单, 钞票, 鸟嘴, 广告, 法案, 票据\nvt. 开帐单, (用招贴)宣布",zk gk cet4 ky toefl ielts
biography,n. 传记,gk ky toefl ielts
biology,n. 生物学\n[化] 生物; 生物学,gk cet4 ky ielts
birthday,n. 生日,zk gk
bit,"n. 少量, 马嚼子, 辅币\nvt. 给马上嚼子, 控制\nbite的过去式和过去分词\n[计] 比特, 二进制数位, 机内测试",zk gk gre
black,"n. 黑色, 黑颜料\na. 黑色的",zk gk ielts
blanket,"n. 毛毯, 毯子\nvt. 掩盖, 覆盖\na. 总共的",gk cet4 ky toefl ielts
blue,"n. 蓝色\na. 蓝色的, 下流的, 忧郁的\nvt. 染成蓝色\nvi. 变蓝",gk gre
blueprint,"n. 蓝图, 设计图, (周详的)计划\nvt. 制成蓝图, 计划",ky gre
board,"n. 木板, 甲板, 膳食, 会议桌\nvt. 乘船, 供膳食, 用板覆盖\nvi. 搭伙\n[计] 板",zk gk cet4 cet6 ky toefl ielts
boardroom,"n. 会议室, 证券交换场所",
bonus,"n. 奖金, 红利\n[经] 奖金, 红利, 额外补贴",gk cet6 ky toefl ielts
book,"n. 书, 书籍, 帐簿, 名册, 工作簿\nv. 登记, 预订\n[计] 工作簿",zk gk ielts
bookcase,"n. 书架, 书柜",gk ielts
booklet,n. 小册子,ielts
bookstore,n. 书店,gk
booth,"n. 亭, 摊棚\n[经] 货摊, 电话间",gk cet4 cet6 ky ielts
born,a. 天生的\nbear的过去分词,zk gk cet4 ky
both,a. 两者的\nadv. 两者都\npron. 两者,zk gk
bound,"n. 跃, 回跳, 范围, 边界\na. 受约束的, 装有封面的, 有义务的, 关联的, 被束缚的, 准备去...的, 便秘的\nvi. 跳跃, 弹起\nvt. 使跳, 限制, 形成...的疆界\nbind过去式和过去分词\n[计] 装订的",gk cet4 cet6 ky toefl ielts
box,"n. 盒子, 箱, 方框, 一巴掌\nvt. 装...入盒中, 装箱, 打耳光\nvi. 拳击\n[计] 方框",zk gk
boy,"n. 男孩\n[法] 男孩, 少年, 儿子",zk gk
brainstorm,n. 灵机一动\nv. 集体讨论,
brake,"n. 刹车, 阻碍, 丛林\nv. 刹车",gk cet4 ky ielts gre
break,"n. 休息, 中断, 破裂处, 绝交, 破晓, 突变\nvt. 打破, 弄破, 弄坏, 破坏, 违反, 打断, 削弱, 放弃\nvi. 破碎, 决裂, 破晓, 突变, 变弱, 暂停\nn. 分隔符\n[计] 分隔符; 中断; DOS内部命令:设定扫描中断按键的时机",zk gk ielts
briefcase,n. 公事包,ky ielts
broaden,"vi. 变宽, 扩大\nvt. 放宽, 使扩大",cet6 toefl
brochure,"n. 小册子, 小册",gk ky toefl ielts gre
broker,"n. 掮客, 经纪人\n[经] 经纪人, 掮客",gre
broom,"n. 扫帚, 金雀花\nvt. 扫除",gk cet4 cet6 ky
brother,n. 兄弟,zk gk
browse,"v. 浏览, 吃草\nn. 浏览, 吃草\n[计] 浏览",cet6 ky ielts gre
buffet,"n. 自助餐, 小卖部, 碗橱, 殴打, 冲击\nvt. 连续打, 冲击, 搏斗\nvi. 奋斗",gk ky ielts
bug,"n. 错误, 虫, 病菌, 缺陷, 窃听器, 癖好, 防盗报警器, 双座小汽车, 要人\nvt. 装防盗报警器, 装窃听器, 激怒\nvi. 捉虫, 暴突\n[计] 缺点, 错误",cet6 ky ielts
build,"v. 建立, 建筑\nn. 构造, 体格",zk gk
bulb,"n. 球茎, 电灯泡\n[医] 球, 鳞茎, 球茎",cet4 cet6 ky toefl ielts gre
bulk,"n. 大小, 体积, 大块, 大多数\nvt. 显得大, 显得重要",cet4 cet6 ky toefl ielts gre
bulletin,"n. 公告, 布告, 公报\n[电] 电子布告栏",cet6 ky ielts
bus,n. 公共汽车\n[计] 总线; 汇流条; 母线,zk gk ielts
business,"n. 生意, 事情, 业务, 商业, 商行, 职责\n[经] 企业, 商业, 营业",zk gk cet4 cet6 ky ielts
businessman,"n. 商人, 实业家, 工商业家",gk
businessperson,n. 商人,
butter,"n. 奶油, 黄油\nvt. 涂黄油于",zk gk cet4 ky toefl
buy,"vt. 买, 获得\nvi. 买\nn. 购买, 买得的东西",zk gk
bye,"interj. 再会, 回头见\n[计] 结束命令",zk gk
cab,"n. 出租车, 出租汽车, 出租马车\nvi. 乘出租马车(或汽车)",gk ky toefl ielts
cabin,"n. 小屋, 客舱\nvt. 关在小屋",cet4 cet6 ky toefl ielts
cabinet,"n. 橱柜, 内阁\na. 内阁的, 细木工做的\n[计] 机柜",cet4 cet6 ky toefl ielts gre
cafeteria,n. 自助餐厅\n[经] 自助餐厅,gk cet4 cet6 ky ielts
cage,"n. 笼, 牢房, 战俘营\nvt. 关进笼内",gk cet4 cet6 ky
calculation,"n. 计算, 考虑, 计算的结果\n[经] 计算",cet4 toefl
calculator,"n. 计算者, 计算器\n[计] 计算器",cet4 toefl
calendar,"n. 日历, 日程表\nvt. 列入表中\n[计] 日历",cet4 cet6 ky toefl ielts
caller,"n. 访客, 召集员, 传唤员\na. 新鲜的\n[计] 呼叫方标识",
campaign,"n. 战役, 运动, 竞选运动\nvi. 参加运动, 作战",gk cet4 cet6 ky toefl ielts gre
campus,"n. 校园, 大学生活",cet4 cet6 ky toefl ielts
cancellation,"n. 取消, 作废, 注销戳\n[经] 注销, 取消, 保险单的注销",toefl
candidate,"n. 候选人, 投考者\n[法] 候选, 候补者",gk cet4 cet6 ky toefl ielts gre
candy,"n. 糖果, 冰糖\nvt. 用糖煮, 使结晶为砂糖\nvi. 结晶为砂糖",zk gk cet4 ky
capital,"n. 首都, 大写字母, 资本\na. 首都的, 重要的",zk gk cet4 cet6 ky ielts
captain,"n. 船长, 指挥官, 海军上校, 首领\nvt. 率领, 指挥",zk gk cet4 cet6 ky
car,"n. 汽车, 客车\n[机] 车",zk gk
card,"n. 卡片, 纸牌, 节目单, 明信片, 梳棉机\nvt. 备置卡片, 记于卡片上, 梳理\n[计] 卡片, 卡",zk gk ielts
care,"n. 小心, 照料, 忧虑\nvi. 关心, 介意\nvt. 在意, 喜欢",zk gk ielts
career,"n. 事业, 生涯, 成功\n[法] 职业, 专业, 履历",cet4 ky toefl ielts
careless,"a. 粗心的, 不关心的, 无忧无虑的",zk gk cet4 toefl
cargo,n. 货物\n[经] 货柜,cet4 cet6 ky toefl gre
carpenter,n. 木匠,gk cet4 cet6 ky toefl ielts gre
carrier,"n. 运送者, 邮递员, 带菌者\n[计] 载波",gk cet4 cet6 ky ielts
carry,"n. 进位, 射程, 运载\nvt. 携带, 运送, 支持, 传送, 包含\nvi. 被携带, 能达到\n[计] 进位; 进位数",zk gk ielts
cart,n. 二轮运货马车\nvi. 驾运货马车\nvt. 用车装载,cet4 cet6 ky toefl ielts
carton,"n. 硬纸盒, 纸板箱\n[化] 卡纸",ielts
cartridge,"n. 弹药筒, 弹药, 一卷软片, 墨粉鼓\n[计] 盒式磁带机",cet6
cashier,"n. 出纳员\n[经] 司库, 出纳员, 收支员",ielts
casual,"a. 偶然的, 不经意的, 便装的\nn. 临时工, 待命士兵",gk cet4 cet6 ky toefl ielts gre
catch,"n. 捕捉, 陷阱, 捕捉之物, 抓, 拉手\nvt. 捕捉, 赶上, 感染, 听清楚\nvi. 抓住, 燃着",zk gk ielts
cater,"v. 提供饮食及服务, 投合, 迎合",gk cet6 ky toefl ielts gre
caterer,"n. 备办食物者, 备办宴席者",
cause,"n. 原因, 目标\nvt. 引起, 使产生, 使遭受",zk gk cet4 cet6 ky toefl ielts
caution,"n. 小心, 慎重, 警示\nvt. 警告\n[计] 警告",gk cet6 ky toefl ielts
cautious,"a. 谨慎的, 小心的",gk cet4 cet6 ky toefl ielts
ceiling,"n. 天花板\n[经] 顶点, 顶线, 上限",zk gk cet4 cet6 ky toefl
celebrity,"n. 名声, 名人",ky toefl gre
cell,"n. 单元, 细胞, 电池\n[计] 单元",gk cet4 cet6 ky toefl
cellphone,n. 蜂窝式便携无线电话；大哥大,
cent,n. 分\n[经] 美分,zk gk cet4 cet6 ky
center,"n. 中心, 中心点, 中锋\na. 中央的, 位在正中的\nvt. 集中, 定中心\nvi. 居中\n[计] 居中; 中央",ielts
centimeter,n. 厘米\n[医] 厘米,
central,"a. 中央的, 重要的\n[医] 中央的, 中心的, 中枢的",gk cet4 cet6 ky ielts
century,"n. 世纪, 百年",zk gk cet4 cet6 ky ielts
certain,"a. 确定的, 某一个的, 必然的\n[法] 确凿的, 无疑的, 可靠的",zk gk cet4 ky
certainly,adv. 确定地,gk
certificate,"n. 证书, 证明书\nvt. 发给证明书, 用证书批准, 用证书证明",gk cet4 cet6 ky ielts
certification,n. 证明\n[经] 证明,gre
certify,"v. 证明, 保证",ky ielts
chairperson,n. 主席,
challenge,"n. 挑战, 盘问\nvt. 向...挑战, 要求, 怀疑\nvi. 挑战, 对(证据等)表示异议",gk cet4 cet6 ky toefl ielts
chance,"n. 机会, 意外, 可能性\nvi. 偶然发生\nvt. 冒险",zk gk cet4 ky toefl ielts
character,"n. 个性, 字符, 人物, 性质, 品格, 资格\n[计] 字符",gk cet4 cet6 ky toefl
charge,"n. 指控, 费用, 冲锋, 电荷, 炸药, 主管, 被托管人, 命令\nvt. 控诉, 加罪于, 使充满, 使充电, 使承担\nvi. 冲锋, 要价, 收费",gk cet4 cet6 ky toefl ielts
charitable,"a. 大慈大悲的, 宽厚的, 慈善的\n[法] 慈善的, 慷慨的, 宽恕的",toefl gre
check,"n. 检查, 支票, 阻止物, 寄物牌, 象棋中将军\nvt. 检查, 阻止, 核对, 寄存, 托运\nvi. 逐项相符, 开支票\n[计] 复选",zk gk toefl ielts gre
checkout,n. 结帐台\n[计] 检验,toefl
checkup,"n. 审查, 鉴定, 健康检查",toefl ielts
cheer,"n. 愉快, 振奋, 欢呼\nvi. 欢呼, 喝彩, 快活起来\nvt. 使振奋, 欢呼",zk gk cet4 cet6 ky ielts
cheeseburger,n. 干酪汉堡包,
chef,n. 厨师,gk ky toefl gre
chemistry,"n. 化学, 化学过程\n[化] 化学",zk gk cet4 cet6 ky ielts
chilly,"a. 寒冷的, 冷淡的, 不友好的\n[建] 番椒, 冷",toefl
choice,"n. 选择, 精选品, 选择权\na. 精选的, 挑三拣四的, 上等的\n[计] DOS内部命令:在批处理文件中\n该命令用于提示用户作出选择, 决定批处理文件的流程",zk gk cet4 cet6 ky toefl ielts gre
choose,"vt. 选择, 宁愿, 欲\nvi. 作出选择, 愿意\n[计] 选取",zk gk cet4 ky toefl
chronic,"a. 慢性的, 习惯性的\nn. 慢性病患者",cet6 ky toefl ielts gre
church,"n. 教堂, 礼拜, 教会\nvt. 使人接受宗教仪式\na. 教堂的",zk gk cet4 ky ielts
cinema,"n. 电影院, 电影",zk gk ielts
circuit,"n. 电路, 环(行)道, 巡回\n[计] 线路; 电路",gk cet4 cet6 ky toefl ielts gre
circulate,"v. (使)流通, (使)循环, (使)传播",gk cet4 cet6 ky toefl ielts gre
circulation,"n. 流通, 循环, 发行量\n[化] 环流",cet6 toefl gre
circus,"n. 马戏团, 马戏, 竞技场",gk cet6 ky ielts
city,"n. 城市, 市\n[法] 都市, 城市, 市",zk gk ielts
claim,"n. 要求, 要求权, 断言, 权利\nvt. 要求, 认领, 主张\nvi. 提出要求, 主张, 断言",cet4 cet6 ky toefl ielts gre
clap,"n. 拍手, 拍手声, 霹雳声, 花柳病\nv. 鼓掌, (使)啪地关上",zk gk cet4 cet6 ky toefl
clarify,"vi. 澄清, 阐明\nvt. 使明晰",gk cet4 cet6 ky toefl ielts gre
class,"n. 班级, 阶级, 种类, 课\nvt. 分类\n[计] 类别; 类; 种类; 类程",zk gk ielts
classify,"vt. 分类, 归类, 分等\n[建] 分类, 分级, 分粒",gk cet4 cet6 ky toefl ielts gre
classmate,n. 同班同学,zk gk cet4 ky
clean,"a. 干净的, 清白的, 简洁的\nadv. 清洁地, 完全地\nvt. 清理, 使干净, 出空\nvi. 被搞干净\nn. 打扫",zk gk toefl ielts
cleaner,"n. 清洁工人, 清洁剂, 干洗商\n[化] 滤清器; 除垢器; 洗净剂; 清洁剂",gk ielts
cleanliness,"n. 清洁, 干净",cet6
clear,"a. 清楚的, 明确的, 澄清的\nadv. 清晰地\nvt. 澄清, 清除障碍\nvi. 放晴, 变清澈\nn. 空隙\n[计] 清除",zk gk ielts
clearly,adv. 清楚地,gk cet4
clerk,"n. 办事员, 职员, 文书\nvi. 当店员",gk cet4 ky toefl
click,"n. 咔哒声, 啪嗒声\nvi. 作咔哒声\nvt. 使发咔哒声\n[计] 单击",gk ky ielts
client,"n. 客户, 顾客, 委托人\n[计] 客户, 客户机, 客户机程序",cet6 ky ielts
clinic,"n. 诊所, 临床教学\n[医] 诊所(门诊部); 临床(讲解); 临床(学)科",gk cet6 ky toefl ielts
clip,"n. 修剪, 夹子, 回形针, 剪下来的东西\nvt. 修剪, 痛打, 夹牢, 剪报\nvi. 剪报",cet6 ky toefl ielts gre
clock,"n. 时钟, 计时器, (袜子上的)绣花边花\nvt. 绣花样, 记时, 记录\nvi. 记录时间\n[计] 时钟",zk gk cet4 ky ielts
close,"n. 结束, 完结\na. 靠近的, 亲近的, 亲密的, 严密的, 关闭的, 狭窄的, 秘密的\nvt. 关, 结束, 使靠近, 封闭, 使接近\nvi. 关闭, 结束, 靠近\nadv. 接近地, 紧密地\n[计] 关闭",zk gk toefl
closet,"n. 壁橱, 小室\na. 秘密的, 空谈的\nvt. 把...关入小室",cet6 ky ielts gre
closure,n. 关闭\nvt. 使终止,gre
cloth,"n. 布料, 织品, 布\n[建] 布",gk cet4 ky ielts
clothes,n. 衣服,zk gk ielts
cloudy,"a. 多云的, 有愁容的, 云的, 浑浊的\n[建] (混)浊的",zk gk
club,"n. 俱乐部, 木棍, 球棒\nvt. 用棍棒打, 缴纳\nvi. 联合起来\na. 俱乐部的",zk gk cet4 ky ielts
clue,"n. 线索, 暗示\nvt. 暗示, 提供线索",cet4 cet6 ky toefl ielts
cold,"n. 感冒, 寒冷\na. 寒冷的, 冷淡的, 冷静的\nadv. 完全地",zk gk cet4 ky
collaboration,"n. 合作, 勾结\n[法] 通敌卖国者, 奸细",cet6 toefl ielts
collector,"n. 收集家, 收取款项的人\n[化] 集电极; 捕收剂",
college,"n. 学院, 大学, 学会",zk gk ielts
color,"n. 颜色, 面色, 颜料, 外貌\nvt. 把...涂上颜色, 粉饰, 使脸红, 歪曲\nvi. 变色",cet4 ky ielts
colorful,"a. 华美的, 富有色彩的, 有趣的",
comb,"n. 头梳, 鸡冠\nvt. 梳头发, 梳毛\nvi. (浪)涌起",gk cet4 cet6 ky
comfortably,"adv. 安乐地, 舒服地, 宽裕地",
comment,"n. 注解, 批评, 评论, 备注\nvi. 评论, 注解\n[计] 备注",gk cet4 cet6 ky toefl ielts
commerce,"n. 商业, 商务, 贸易\n[经] 商业, 贸易, 商务",cet4 cet6 ky toefl
common,"a. 通常的, 共同的, 通俗的, 公共的\n[计] 公用块",zk gk cet4 cet6 ky ielts
commonly,"adv. 一般, 普通, 通常",cet4 cet6
communication,"n. 交流, 交通, 通讯\n[计] 通信",zk gk cet4 cet6 ky toefl ielts
commute,"vt. 交换, 折偿, 减轻\nvi. 代偿, 经常乘车来往",cet6 ky toefl ielts gre
commuter,"n. 乘公共车辆上下班者, 月季票乘客\n[经] 非(当地)居民",toefl ielts
compact,"a. 紧凑的, 紧密的, 简洁的\nvt. 使紧密结合, 压缩\nvi. 变坚实",cet6 ky toefl ielts gre
company,"n. 公司, 友伴, 交往, 连队, 朋友, 一群\nvt. 陪伴\nvi. 交往",zk gk toefl ielts
compare,"vt. 比较, 比喻, 对照\nvi. 相比\nn. 比较\n[计] 比较",zk gk cet4 cet6 ky toefl ielts
compartment,"n. 分隔间, 卧车包房, 防水舱隔\n[医] 隔室, 隔间",ky ielts gre
compatible,"a. 能共处的, 可并立的, 适合的\n[计] 相容的; 兼容的",cet6 ky toefl ielts gre
compensate,"v. 偿还, 补偿, 付报酬",gk cet6 ky toefl ielts gre
competition,"n. 竞争, 竞赛\n[经] 竞争, 竞销, 比赛",zk gk cet4 cet6 ky toefl ielts
compile,"vt. 编译, 编辑, 编纂, 收集\n[计] 编译",cet4 cet6 ky toefl ielts gre
complete,"a. 完全的, 十足的, 完成的\nvt. 完成, 完工, 使圆满",zk gk cet4 cet6 ky toefl ielts
completely,"adv. 完全地, 十分地, 圆满地",cet4 cet6
completion,"n. 完成\n[经] 完井, 结束, 完工",cet6
compliance,"n. 遵从, 顺从, 屈从\n[化] 柔顺; 顺应",ky ielts gre
complication,"n. 复杂化, 复杂情况\n[医] 并发症, 并发病",cet6 ky toefl ielts
compliment,"n. 称赞, 恭维, 敬意\nvt. 称赞, 褒扬, 恭维",cet6 ky toefl ielts gre
complimentary,"a. 问候的, 称赞的, 夸奖的",toefl
comply,"vi. 顺从, 依从\n[法] 遵守, 承诺, 照做",cet6 ky toefl ielts gre
comprehension,"n. 理解, 包含",gk cet4 cet6 ky toefl
computer,"n. 电脑, 电子计算机\n[计] 计算机",zk gk ielts
concern,"n. 关心, 忧虑\nvt. 与...有关, 使担心, 使挂念",gk cet4 cet6 ky ielts
concierge,"n. 看门人, 门房",
conclusion,"n. 结论, 结尾, 推论\n[法] 缔结, 结论, 推论",gk cet4 cet6 ky ielts
condition,"n. 情况, 条件\nvt. 使健康, 以...为条件, 决定, 使适应\n[计] 条件",zk gk cet4 cet6 ky toefl ielts
conditioner,"n. 调节器, 土壤团粒结构促进剂\n[计] 调节器, 整形器",
condominium,n. 共同统治\n[经] 财产共有权,
conductor,"n. 领导者, 指挥者, 售票员, 向导\n[化] 导体",gk cet4 cet6 ky toefl
conference,"n. 会议\n[经] 会议, 讨论会, 协商会",zk gk cet4 cet6 ky toefl ielts gre
confidential,"a. 机密的, 获他人信赖的, 易于信任他人的\n[经] 秘密件",gk cet6 ky toefl ielts gre
confirmation,"n. 证实, 证明, 批准, 确认\n[计] 确认",cet6 toefl ielts
conform,"vt. 使一致, 使遵守, 使符合\nvi. 一致, 符合, 适应",cet6 ky toefl ielts gre
congestion,"n. 拥挤, 充血\n[计] 拥挤, 拥塞",toefl ielts
congratulate,"vt. 祝贺, 庆贺",gk cet4 cet6 ky
congratulation,"n. 祝贺, 恭喜",gk cet4 cet6 ky toefl
consecutive,"a. 连续的, 联贯的\n[计] 连续的; 连接的",cet6 ky toefl ielts
consent,"n. 同意, 许可\nvi. 同意, 赞同",cet4 cet6 ky ielts gre
consider,"v. 考虑, 思考, 认为",zk gk cet4 cet6 ky toefl
considerably,"adv. 非常地, 很, 颇",toefl
considerate,"a. 体贴的, 体谅的, 考虑周到的",gk cet4 cet6 ky toefl ielts
consignment,"n. 委托\n[经] 委托, 寄销, 寄销品",
consistently,"adv. 坚固, 坚实, 一致, 始终如一, 连贯\n[计] 相容地",cet6 toefl
consultation,"n. 请教, 咨询, 磋商会\n[医] 会诊",
consumption,"n. 消费, 消费量, 痨病\n[化] 消耗量; 耗量",cet4 cet6 ky toefl ielts
contact,"n. 联系, 交际, 熟人, 接触\nvi. 接触, 联系\nvt. 使接触",cet4 cet6 ky toefl ielts gre
contain,"vt. 包含, 容纳, 控制\nvi. 自制",gk cet4 cet6 ky toefl gre
container,"n. 容器, 集装箱\n[化] 集装箱; 贮存箱; 容器(任何一种)",gk cet4 cet6 ky toefl ielts
contestant,"n. 竞争者\n[法] 争辩者, 竞争者",
continental,"a. 大陆的, 洲的\nn. 欧洲大陆人",cet6 toefl
contract,"n. 合约, 婚约, 契约\nvt. 使皱缩, 使缩短, 感染, 订约, 缔结\nvi. 皱缩, 订约, 收缩",cet4 cet6 ky toefl ielts gre
contraction,"n. 收缩, 缩写式, 害病\n[医] 收缩; 挛缩; 牙弓内缩",toefl
contractor,"n. 立契约的人, 承包商\n[化] 承包者; 承包工厂",toefl
contradict,"vt. 反驳, 与...抵触, 与...矛盾\nvi. 反驳",gk cet6 ky toefl ielts gre
contradiction,"n. 反驳, 矛盾\n[法] 矛盾, 否认, 反驳",cet4 cet6 ky ielts
contrary,"a. 相反的, 矛盾的, 对立的\nn. 相反, 对立面\nadv. 相反地",gk cet4 cet6 ky toefl
control,"n. 控制, 管理, 克制, 控制器, 操纵装置\nvt. 控制, 操纵, 抑制\n[计] 控制; 控制器",zk gk cet4 ky ielts gre
convenience,"n. 方便, 便利的事物, 方便的时候",gk cet4 cet6 ky toefl ielts gre
convenient,"a. 方便的, 合宜的\n[法] 适当的, 合理而可行的, 方便的",gk cet4 cet6 ky toefl ielts
conveniently,"a. 方便, 合宜",
conversation,"n. 会话, 说话, 交谈\n[法] 交谈, 社交, 性交",zk gk toefl ielts
convey,"vt. 传达, 运输, 转让\n[经] 转让(财产等), 搬运",gk cet4 cet6 ky toefl ielts gre
cookbook,n. 食谱,
cookie,"n. 饼干, 小甜点\n[建] 糕点",gk
cooler,n. 冷却器\n[化] 冷却器,
cooperate,"vi. 合作, 协力, 配合\n[化] 合作",cet4 cet6 ky toefl ielts gre
coordinate,"n. 同等的人(或物), 坐标\na. 同等的, 并列的\nv. (使)协调",cet4 cet6 ky toefl ielts gre
coordinator,"n. 协调者, 同等的人或物\n[化] 协调器",
copier,"n. 誊写者, 模仿者, 抄写员\n[计] 复制机",
copyright,"n. 版权, 著作权\n[法] 著作权",ky
cord,"n. 绳索, 束缚\n[医] 索, 带",cet4 cet6 ky toefl gre
cordless,"a. 无绳索的, 交直流两用的",gk
correction,"n. 订正, 改正, 改正的地方\n[化] 校正",gk cet4 cet6
correctly,"adv. 对, 正确, 恰当, 符合一般性准则, 符合行为准则, 端正, 符合",cet6
correspondence,"n. 相符, 通信, 信件\n[医] 对应, 相对",cet6 ky toefl ielts
cosmetic,n. 化妆品\na. 化妆用的,
cost,"n. 代价, 价值, 费用\nvi. 花费\nvt. 使失去, 值, 使花费",zk gk ielts
costly,"a. 昂贵的, 奢华的, 费用大的",cet4 cet6 ky ielts
costume,"n. 装束, 服装",cet6 ky toefl ielts gre
counselor,"n. 顾问, 参事, 法律顾问",toefl
countryside,"n. 乡下地方, 乡下居民",zk gk ielts
couple,"n. 对, 夫妇, 数个\nvt. 使成双, 连接, 使成婚, 把...联系起来\nvi. 结合, 成婚",zk gk cet4 ky toefl
coupon,"n. 息票, 赠券\n[经] 息票, 利息单, 联票",ky ielts
courier,"n. 送快信的人, 伴游服务员\n[法] 信使, 送急件者",toefl ielts
course,"n. 课程, 路线, 过程, 一道菜, 道路\nv. 追, (使)跑",zk gk cet4 cet6 ky ielts
court,"n. 法院, 庭院, 奉承\nvt. 献殷勤, 追求, 招致\nvi. 求爱",gk cet4 cet6 ky toefl gre
courtesy,"n. 礼貌, 谦恭, 好意\n[法] 优待, 礼貌, 恩惠",cet6 ky ielts
cover,"n. 盖子, 封面, 藉口\nvt. 覆盖, 掩饰, 保护, 掩护, 包括\nvi. 覆盖",zk gk toefl ielts
coworker,"n. 共同工作的人, 同事, 合作者",
crane,"n. 鹤, 起重机\nvt. 伸颈, 起重机起吊\nvi. 伸颈看, 迟疑",cet4 cet6 ky
creativity,"n. 创造力, 创造性",
credit,"n. 信用, 信任, 荣誉, 贷款, 学分\nvt. 归功于, 赞颂, 信任, 相信\n[计] 信用量",gk toefl ielts gre
criteria,pl. 标准\n[计] 条件,cet6 gre
cross,"n. 十字架, 十字架形物件, 交叉, 十字标, 交叉路, 磨难, 杂交\na. 生气的, 交叉的, 相反的\nv. 交叉, 横过, 越过\n[计] 交叉, 十字标",zk gk cet4 cet6 ky toefl gre
cruise,"n. 巡航, 巡弋, 漫游\nv. 巡航, 巡弋, 漫游",cet6 ky ielts
culinary,"a. 厨房的, 烹调用的",toefl gre
culture,"n. 文化, 修养, 耕种\nvt. 耕种, 培养",zk gk cet4 cet6 ky toefl ielts
cumulative,"a. 累积的\n[医] 蓄积的, 累积的",cet6 ielts
current,"n. 涌流, 趋势, 流\na. 流通的, 现在的, 当前的, 流行的\n[计] 当前的",cet4 cet6 ky toefl ielts
cushion,"n. 垫子, 橡皮软垫\nvt. 加垫褥, 缓冲, 掩盖",gk cet4 cet6 ky toefl ielts gre
customer,n. 消费者\n[化] 顾客,gk cet4 cet6 ky toefl ielts
customize,"vt. 定制, 按规格改制, 定做\n[计] 定制",
cut,"n. 切口, 割伤, 降低, 切, 割, 砍, 削, 伤口, 削减, 缩短, 删节, 通路\na. 经切割的, 缩减的\nvt. 切, 割, 减少, 刺痛, 开辟, 雕刻, 删节, 缩短, 停止, 排斥, 切断, 关, 显出\nvi. 切, 割, 砍, 刺痛, 相交, 抄近路, 剪辑\n[计] 剪切",zk gk ielts
daily,"a. 每日的, 日常的\nadv. 每日地, 日常地\nn. 日报",zk gk cet4 ky ielts
damage,"n. 损害, 伤害\nv. 损害",gk cet4 cet6 ky ielts
dance,"n. 跳舞, 舞蹈, 舞会\nv. 跳舞",zk gk
dark,"n. 黑暗, 夜, 黄昏, 模糊\na. 黑暗的, 暗的, 深色的, 隐密的, 模糊的, 无知的",zk gk ielts
data,"pl. 资料, 数据\n[计] 数据; DOS内部命令:用于显示或设定系统的日期",gk cet4 ky ielts
date,"n. 日期, 约会, 枣椰树\nvt. 约会, 定日期\nvi. 注明日期, 过时",zk gk toefl ielts
daughter,n. 女儿\na. 女儿的,zk gk
daytime,"n. 白天, 日间",ky
dead,"a. 死的, 不活泼的, 麻木的, 熄灭的\nn. 死者\nadv. 完全地, 直接地",zk gk toefl
deadline,"n. 最后期限, 截止期限\n[经] 截止日期",gk ky ielts
deal,"n. 交易, 协定, 数量, 买卖, 松木板\nvi. 处理, 应付, 做生意\nvt. 分配, 发牌, 给予\n[计] 发牌",zk gk cet4 cet6 ky toefl
dealership,"n. 代理权, 经销权\n[法] 商品经销特许权, 代理商",
death,n. 死亡\n[医] 死亡,zk gk cet4 ky
debate,"n. 辩论, 讨论\nv. 争论, 辩论",gk cet4 cet6 ky toefl gre
debit,"n. 借方, 借\nvt. 记入借方",
decide,"v. 决定, 判决",zk gk toefl
decision,"n. 决定, 决心, 决断\n[计] 判定",zk gk cet4 cet6 ky ielts
deck,"n. 甲板, (汽车后部的)行李仓\nvt. 装饰, 打扮, 装甲板\n[计] 纸牌背面图案",cet4 cet6 ky toefl ielts
decorate,v. 装饰,gk cet4 cet6 ky toefl ielts gre
decoration,"n. 装饰, 装饰品",gk toefl ielts
dedication,"n. 奉献, 献身, 献辞\n[计] 专用",ielts gre
deduct,"vt. 扣除, 减去\n[经] 扣除, 减去, 折扣",cet6 ky ielts gre
deduction,"n. 减除, 扣除, 减除额, 推论\n[医] 演绎, 推论",
deep,"a. 深的\nadv. 深入地\nn. 深渊, 深处",zk gk
defect,"n. 缺点\n[医] 缺损, 缺陷",cet4 cet6 ky toefl ielts gre
defective,"a. 有缺陷的, 欠缺的\nn. 有缺陷的人, 不完全变化词",toefl
define,"vt. 定义, 规定, 使明确\n[计] 定义",cet4 cet6 ky
definite,"a. 明确的, 一定的\n[法] 明确的, 确切的, 一定的",cet4 cet6 ky toefl ielts gre
degree,"n. 程度, 度数, 学位, 度\n[医] 度, 程度",zk gk cet4 cet6 ky ielts
delegate,n. 代表\nvt. 委派...为代表,cet4 cet6 ky toefl ielts gre
delete,vt. 删除\n[计] 删除,gk cet4 ky toefl ielts
delicate,"a. 细致优雅的, 微妙的, 美味的\n[医] 柔弱的",gk cet4 cet6 ky toefl ielts gre
delicious,a. 美味的,zk gk cet4 ky toefl ielts
deluxe,"a. 高级的, 豪华的\nadv. 豪华地",
demand,"n. 要求, 需求, 需要\nv. 要求, 查询",gk cet4 cet6 ky gre
demolish,"vt. 毁坏, 破坏, 粉碎",toefl ielts gre
dental,"a. 牙齿的\n[医] 牙的, 齿的, 齿音, 齿音字母",ky toefl
dentist,n. 牙科医生\n[医] 牙医师,zk gk cet6 ky toefl ielts
depart,"vi. 离开, 出发, 背离, 违反, 去世",cet4 cet6 ky toefl ielts
department,"n. 部门, 系, 机关\n[医] 部, 科",gk cet4 cet6 ky ielts
departmental,"a. 部门的, 各部的, 分科的",ielts
departure,"n. 离开, 出发, 违背, 偏离\n[经] 启运",gk cet4 cet6 ky toefl
depend,"vi. 靠, 视...而定, 信赖",zk gk cet4 cet6 ky
dependable,"a. 可信任的, 可靠的, 可信赖的",toefl
dependence,"n. 依赖, 依存, 信赖\n[医] 依赖(如对药物的依赖,即瘾或癖), 从属, 偏利共生",toefl
describe,"vt. 描述, 描绘, 画",zk gk cet4 cet6 ky
descriptive,"a. 描述的, 叙述的",
design,"n. 设计, 图样, 方案, 企图\nv. 设计, 计划",gk cet4 cet6 ky toefl ielts
designate,"vt. 指定, 指明, 称呼\na. 已选出而未上任的",cet6 ky toefl ielts gre
desirable,"a. 令人想望的, 可取的",cet4 cet6 ky toefl ielts gre
desktop,n. 桌面\n[计] 桌面,
desperate,"a. 不顾一切的, 危急的, 令人绝望的, 极渴望的",gk cet4 cet6 ky toefl ielts gre
despite,"n. 轻视, 憎恨\nprep. 虽然, 尽管",cet4 cet6 ky
dessert,n. 餐后甜点,gk cet6 ky toefl
destination,"n. 目的地, 目标, 目的\n[计] 目的文件, 目的单元",gk cet4 cet6 ky toefl ielts
detach,"vt. 使分离, 分遣\n[机] 摘下, 分离, 卸下",cet6 ky toefl ielts gre
detail,"n. 细节, 详情\nvt. 详述, 选派\nvi. 画详图\n[计] 详细数据",cet4 cet6 ky ielts
deteriorate,v. (使)恶化,cet6 ky toefl ielts gre
determine,"v. 决定, 决心",gk cet4 cet6 ky toefl
devastate,"vt. 毁坏\n[法] 使荒废, 毁灭, 掠夺",toefl ielts gre
develop,"vt. 发展, 使发达, 进步, 洗印, 显影\nvi. 发展, 生长",zk gk toefl
developer,n. 开发者\n[计] 显影器,
development,n. 发展\n[化] 展开,zk gk ielts
diagnose,v. 诊断,cet6 ky toefl ielts gre
diagnostic,"a. 诊断的, 有助于诊断的, 特征的\nn. 诊断, 病的征候, 诊断法\n[计] 诊断的",cet6
diagram,n. 图表；图解,gk cet4 cet6 ky toefl ielts gre
dial,"n. 刻度盘, 钟面, 转盘\nv. 拨",gk cet4 cet6 ky ielts
diamond,"n. 钻石, 菱形\n[计] 菱形",gk cet4 cet6 ky
die,"vi. 死亡, 消逝, 平息, 熄灭, 漠然, 渴望\nvt. 死\nn. 骰子, 冲模",zk gk gre
difference,"n. 不同, 差异\n[计] 差分",zk gk cet4 ky ielts
difficult,a. 困难的,zk gk ielts
difficulty,"n. 困难, 难点",zk gk cet4 ky ielts
dine,"vi. 用正餐, 进餐\nvt. 宴请",gk cet6 ky ielts
diner,n. 用餐者,
diploma,"n. 文凭, 毕业证书\n[医] 文凭",gk cet6 ky ielts
direct,"a. 直接的, 坦白的\nvt. 指示, 指挥, 命令, 导演\nvi. 指导, 指挥\nadv. 直接地",zk gk cet4 cet6 ky toefl ielts
direction,"n. 方向, 指导, 趋势\n[计] 方向; 流向",zk gk cet4 cet6 ky
director,"n. 主管, 导演, 董事\n[计] 寻向偶极子; 指挥仪",zk gk cet4 cet6 ky ielts
directory,"n. 目录, 工商名录, 指南\n[计] 目录",gk cet6 ky ielts
disable,"vt. 使失去能力, 使残废, (律)使无资格\n[计] 使无效, 禁止, 关闭",cet4 cet6 ky ielts
disagreement,"n. 不合, 争论, 不一致\n[法] 不一致, 不同意, 陪审团的意见不一",gk cet6 ielts
disappointment,n. 失望,gk toefl
discard,"vt. 丢弃, 抛弃\nvi. 垫牌\nn. 垫牌, 抛弃",cet4 cet6 ky toefl ielts gre
disconnect,"vt. 使分离, 使不相连, 拆开\nvi. 断开\n[计] 断开",toefl
discontinue,"vi. 中断, 终止, 停止\nvt. 使中止",
discover,"vt. 发现, 找到, 暴露\nvi. 发现",zk gk cet4 cet6 ky
discrepancy,"n. 不符合, 差异, 不相符之处\n[化] 不符值; 偏差值",cet6 ky ielts gre
discuss,"vt. 讨论, 论述\n[医] 讨论, 辩论",zk gk
discussion,n. 讨论,zk gk cet4 cet6 ielts
disease,"n. 疾病, 弊病\n[医] [疾]病",zk gk cet4 cet6 ky ielts
disgust,"n. 厌恶, 嫌恶\nvi. 令人厌恶\nvt. 使作呕",cet4 cet6 ky toefl ielts gre
dishwasher,"n. 洗碗机, 洗碗工",
dislike,"n. 嫌恶\nvt. 讨厌, 不喜欢",gk cet4 cet6 ky
dispatch,"vt. 派遣\nn. 派遣, 急件\n[计] 调度",cet6 toefl ielts gre
disposal,"n. 丢掉, 处理, 排列, 销毁, 布置\n[医] 处理, 处置",cet4 cet6 ky toefl ielts gre
dispose,"vt. 处理, 排列, 布置\nvi. 处置",cet4 cet6 ky toefl ielts gre
disrupt,"a. 分裂的, 中断的\nvt. 使分裂, 使瓦解",cet6 ky toefl ielts gre
disruption,"n. 分裂, 崩溃, 瓦解",
dissatisfy,"vt. 使感觉不满, 不满足",cet4 cet6
distract,"vt. 转移, 分心, 使发狂",cet6 ky toefl ielts gre
distraction,"n. 娱乐, 分心的事物, 分心\n[医] 注意力分散, 内脱位, 牙弓过宽",ielts
distribution,n. 分配\n[计] 分布,cet4 cet6 toefl ielts
distributor,"n. 分发者, 分布者, 散布者, 分配者, 销售者, 分配器, 配电盘, 自动拆版机\n[计] 分配器",
dive,"n. 潜水, 跳水\nvi. 跳水, 俯冲, 猛冲\nvt. 把...突然伸入",gk cet4 cet6 ky toefl
dividend,"n. 被除数, 股利\n[计] 被除数",ky ielts
dock,"n. 码头, 船坞, 被告席, 尾巴的骨肉部分\nvt. 使靠码头, 使(船)进港, 剪短\nvi. 进港",cet4 cet6 ky ielts gre
doctor,"n. 医生, 博士\nvt. 授以博士学位, 诊断, 修改\nvi. 行医",zk gk ielts
document,"n. 文件, 公文, 文档\nvt. 证明, 为...引证\n[计] 文档",gk cet4 cet6 ky toefl gre
documentary,n. 记录片\na. 文件的,cet6 ky toefl
documentation,"n. (总称)文件\n[计] 文件编制, 文档",toefl
dog,"n. 狗, 坏蛋\nvt. 跟踪, 尾随",zk gk
dollar,"n. 美元, 元(加、澳等国货币单位)\n[经] 纯经济的, 美元, 元",zk gk
donate,v. 捐赠,cet6 ky toefl ielts gre
donation,"n. 捐赠物, 捐款, 捐赠\n[经] 赠品, 捐款, 捐赠",toefl ielts
donut,"[医] 电子回旋加速器环状真空室, 同步加速器环状真空室",
doorman,n. 看门人,
dose,"n. 剂量, 服用量\nvt. 给药, (用药)医治\nvi. 服药",cet4 cet6 ky ielts gre
doubt,"n. 怀疑, 疑惑\nv. 怀疑, 不信",zk gk cet4 cet6 ky toefl
download,"[计] 卸载, 下栽",gk
downsize,vt. 以较小尺寸设计；缩小尺寸；裁减人数,
downstairs,n. 楼下\na. 楼下的\nadv. 在楼下,zk gk cet4 ky
downtown,n. 市中心区\na. 市中心的\nadv. 往闹市区,gk ky toefl ielts
downturn,"n. (尤指经济方面的)衰退, 下降趋势\n[电] 低迷时期",cet6
drastically,"adv. 激烈地, 彻底地",
draw,"vi. 拉, 拖, 拔剑\nvt. 拖拉, 挨近, 领取, 打成平局, 引导, 抽签决定, 画, 描写, 制订, 草拟, 吸引\nn. 拉, 拖, 拔出, 抽签, 平局\n[计] 翻牌, 绘图",zk gk toefl
drawback,"n. 缺点, 退税\n[法] 退款, 退税",gk cet6 ky toefl ielts
drawer,"n. 抽屉, 开票人\n[计] 抽屉",zk gk cet4 cet6 ky toefl ielts
dream,"n. 梦, 空想, 愿望\nv. 做梦, 想象, 梦想",zk gk cet4 cet6 ky
dress,"n. 服装, 覆盖物\nvi. 穿着\nvt. 给...穿衣, 整理",zk gk ielts
drill,"n. 钻孔机, 钻子, 播种机, 粗斜纹布\nv. 训练, 钻孔",gk cet4 cet6 ky toefl ielts gre
drink,"n. 饮料, 酒\nv. 喝, 喝酒",zk gk
drive,"n. 驾车, 快车道, 推进力, 驱动, 动力, 击球, 驱动器\nvt. 开车, 驱使, 推动, 驾驶\nvi. 开车, 猛击, 飞跑\n[计] 驱动器",zk gk
drop,"n. 滴, 微量, 落下, 空投\nvi. 放下, 掉下, 下降\nvt. 使滴下, 放下, 丢失, 遗漏\n[计] 投入, 投入点, 接入点, 分接点",zk gk cet4 cet6 ky ielts
drought,"n. 干旱, 缺乏",cet4 cet6 ky toefl ielts gre
drug,"n. 药, 麻药, 麻醉药\nvi. 吸毒\nvt. 使服麻醉药, 使麻木",zk gk cet4 cet6 ky
drum,"n. 鼓, 鼓声\nvi. 击鼓, 作鼓声\nvt. 打鼓奏出\n[计] 磁鼓",zk gk cet4 cet6 ky
due,"n. 应得的东西, 应付款\na. 到期的, 应得的, 应付的, 约定的",gk cet4 cet6 ky toefl ielts
dull,"a. 钝的, 无趣的, 呆滞的, 阴暗的\nvt. 使迟钝, 使阴暗, 缓和\nvi. 变迟钝, 减少",gk cet4 cet6 ky toefl ielts gre
duplicate,"n. 副本, 复本, 复制品\na. 复制的, 二重的\nvt. 复制, 使加倍\n[计] 复制",cet6 ky toefl ielts
durable,"a. 持久的, 耐用的",cet4 cet6 ky toefl ielts
duration,"n. 持续时间, 持续\n[计] 持续时间",cet4 cet6 ky toefl ielts gre
dynamic,"a. 动态的, 有活力的, 有力的, 动力的, 不断变化的\nn. 动力, 动态\n[计] 动态的",gk cet4 cet6 ky toefl ielts gre
eager,"a. 热心的, 渴望的, 热望的",gk cet4 cet6 ky toefl
earn,"vt. 赚得, 获得, 博得\n[计] 欧州科学研究网",gk cet4 ky
earthquake,n. 地震,gk cet4 cet6 ky toefl
easily,"adv. 容易地, 轻易地, 流利地",gk cet4
easy,"a. 容易的, 缓缓的, 舒适的, 从容的, 宽容的, 流畅的, 随便的, 自在的, 疲软的\nadv. 容易地, 慢慢地",zk gk
eat,"v. 吃, 腐蚀",zk gk
economic,"a. 经济上的, 实用的, 节省的\n[经] 经济的",cet4 cet6 ky toefl ielts
economical,"a. 节俭的, 经济的, 合算的\n[经] 经济的, 节约的",cet4 cet6 ky toefl ielts gre
economically,"adv. 节约地, 不浪费地, 节省地, 节俭地, 在经济上, 在经济学上",cet6
economist,"n. 经济学者, 经济家\n[经] 经济学家",
economize,"v. 节约, 节省, 有效地利用",toefl
economy,"n. 经济, 理财, 节约\n[医] 经济, 整体",cet4 cet6 ky ielts
editorial,"n. 社论, 评论\na. 编辑的, 主笔的, 社论的",cet4 cet6 ky ielts
education,"n. 教育, 训练, 教育学\n[医] 教育, 训练",zk gk cet4 ky toefl ielts
effect,"n. 结果, 影响, 效果, 印象\nvt. 实行, 引起, 完成\n[计] 效果",gk cet4 cet6 ky toefl ielts
effectiveness,"n. 效力\n[经] 有效性, 能行性",toefl
efficiently,"adv. 生效, 能胜任, 有能力, 效率高, 有效",
effort,"n. 努力, 成就",zk gk cet4 cet6 ky
either,"a. (两者之中)任一的, (两者之中)各一的\npron. (两者之中)任一\nconj. 或, 要么",zk gk
election,"n. 选举, 当选, 选择权\n[法] 选举, 当选",cet4 cet6 toefl
electrical,"a. 电的, 有关电的\n[医] 电的",gk cet4 cet6 ky ielts
electrician,"n. 电学家, 电气技师, 电工\n[化] 电工; 电气工人",cet6 ky ielts
electronically,adv. 电子地,
elegant,"a. 优雅的, 端庄的, 高雅的",gk cet6 ky toefl ielts
elephant,n. 象,zk gk cet4 cet6 ky
elevate,"vt. 举起, 提拔, 鼓舞",cet6 ky toefl ielts gre
elevator,"n. 电梯, 升降机\n[化] 提升机",cet4 cet6 ky toefl ielts
eligible,"a. 有资格当选的, 合格的\nn. 有资格者, 合格者, 适任者",cet6 ky toefl ielts gre
else,"a. 别的, 其他的\nadv. 另外, 否则, 不然",zk gk
embassy,"n. 大使馆, 大使馆全体人员\n[经] 大使馆",gk cet6 ky ielts
embed,"vt. 使插入, 使嵌入, 使深留脑中\n[计] 嵌入",ky toefl ielts gre
employee,"n. 职员, 员工, 受雇人员\n[化] 职工; 雇员",cet4 cet6 ky toefl ielts
enclose,"vt. 围绕, 圈起, 放入封套, 附上",cet4 cet6 ky toefl ielts
encourage,"vt. 鼓励, 支持, 激励\n[法] 怂恿, 煽动, 助长",zk gk cet4 cet6 ky toefl
end,"n. 结束, 终点, 目标, 末端, 梢, 死亡, 残余\nv. 结束, 终结, 终止\n[计] 端; 结束",zk gk ielts
energetic,"a. 精力充沛的, 积极的",gk cet6 ky toefl ielts
energy,"n. 精力, 精神, 活力, 能量\n[化] 能; 能量",zk cet4 cet6 ky ielts
engagement,"n. 诺言, 约会, 婚约, 交战\n[医] 衔接",cet6 ky ielts
enjoy,"vt. 享受, 喜欢, 欣赏\n[法] 享受, 享有, 获得某种利益",zk gk
enjoyable,"a. 可从中得到乐趣的, 令人愉快的",gk
enough,"n. 充足, 够, 很多\na. 充足的, 足够\nadv. 足够\ninterj. 够了",zk gk
enroll,"vt. 登记, 使加入\nvi. 参军, 注册",cet4 cet6 ky toefl ielts
enrollment,"n. 登记, 注册, 入伍\n[经] 登记, 注册",ielts
enter,"vt. 进入, 参加, 开始, 输入, 回车\nvi. 进去, 参加\n[计] 输入, 回车",zk gk cet4 ky
enthusiasm,"n. 巨大的热情, 热心",cet4 cet6 ky toefl ielts
enthusiast,"n. 热心家, 狂热者, 爱好者",
enthusiastic,"a. 狂热的, 热心的, 热烈的",gk cet4 cet6 ky ielts
enthusiastically,"adv. 热心地, 狂热地",toefl
entrepreneur,"n. 企业家, 主办人\n[经] 承包商, 企业家",cet6 ky toefl ielts gre
environment,"n. 环境, 外界, 围绕\n[计] 环境",zk gk cet4 cet6 ky ielts
environmentally,adv. 有关环境方面,
equip,"vt. 装备, 配备\n[机] 设备, 装置",gk cet4 cet6 ky toefl
erase,"vt. 抹去, 擦掉\n[计] 清洗; 擦除; 抹除; DOS内部命令:从磁盘上删除一个或多个文件",ky toefl ielts gre
escalator,"n. 电动扶梯, 自动扶梯\n[机] 升降阶梯",toefl ielts
escort,"n. 护送者, 护卫者, 护航舰\nvt. 护卫, 护送",cet6 ky toefl ielts gre
especially,"adv. 尤其, 特别, 格外",zk gk cet4 cet6 ky
establish,"vt. 建立, 确立, 制定\nvi. 移植生长",cet4 cet6 ky ielts
estimate,"n. 估计, 判断\nvt. 估计, 评价, 判断\nvi. 估计",cet4 cet6 ky toefl ielts
ethics,n. 道德规范\n[医] 伦理学,cet6 toefl gre
euro,n. 欧元（欧盟的统一货币单位）,
evacuate,"v. 疏散, 撤出, 排泄",cet4 cet6 ky toefl ielts gre
evening,"n. 傍晚, 晚间, 末期",zk gk ielts
evenly,"adv. 平衡地, 平坦地, 平等地",cet6 toefl
event,"n. 事件, 结果, 事情的进程, 竞赛项目\n[计] 事件",gk cet4 ky ielts
everybody,"pron. 每个人, 人人",zk gk
everyone,"pron. 每个人, 人人\n[计] 系统中的一个组名",zk gk
everything,"pron. 每件事物, 所有事物",zk gk
evidence,"n. 根据, 证据, 迹象\n[经] 证据, 凭证",gk cet4 cet6 ky toefl ielts
evident,"a. 显然的, 明显的",gk cet4 cet6 ky toefl
exactly,"adv. 确切地, 精确地, 恰好, 完全地, 确实, 恰恰正是, 确实如此",gk cet4
example,"n. 例子, 样本, 实例\n[化] 实例",zk gk ielts
excellence,"n. 优秀, 卓越, 优点",
except,"vt. 除, 除外\nvi. 反对\nprep. 除了...之外, 若不是, 除非\nconj. 只是",zk gk
exceptional,"a. 例外的, 异常的, 特别的",cet6 ky toefl ielts gre
excessive,"a. 过度的, 过多的, 极端的\n[法] 过度的, 过分的, 额外的",cet4 cet6 ky toefl
exchange,"n. 交换, (电话)交换局, 交换机, 汇兑, 交易所\nv. 交换, 交易, 兑换\n[计] 交换; 电话局",gk cet4 cet6 ky toefl ielts
exclusive,"a. 排外的, 独占的, 唯一的\n[计] 独占的",cet4 cet6 ky toefl ielts gre
exclusively,"adv. 排他地, 仅仅, 专门, 只, 仅, 唯一地, 专有地",cet4 cet6 toefl ielts
excursion,"n. 远足, 游览圆, 短程旅行\n[医] 移动, 离轨, 逸出",cet4 cet6 ky toefl ielts gre
exemption,"n. 解除, 免除, 免税\n[化] 免检",toefl
exercise,"n. 行使, 执行, 运动, 练习, 作业\nvt. 运用, 练习, 运动\nvi. 练习, 锻炼",zk gk ielts
exist,"vi. 存在, 生存, 发生",gk cet4 cet6 ky toefl
exit,"n. 出口, 退场, 离去, 去世\nvi. 退出, 脱离, 去世\n[计] 退出; DOS内部命令:本命令用于退出当前的命令处理器(COMMAND.COM)\n恢复前一个命令处理器",gk cet4 cet6 ky toefl
exotic,"a. 异国的, 外来的\nn. 外来人, 外来物, 舶来品",cet6 ky toefl ielts gre
expect,"vt. 预期, 盼望, 期待",zk gk
expedite,"vt. 加快, 促进, 发出\na. 畅通的, 无阻碍的, 迅速的, 方便的",toefl
experience,"n. 经历, 经验, 体验\nvt. 经历, 经验, 体验",zk gk cet4 cet6 ky ielts
expertise,"n. 专家意见, 专门技术\n[法] 专门知识, 专家意见",cet6 ky toefl ielts gre
expiration,"n. 终止, 满期, 呼出, 呼气\n[医] 呼[气], 断气, 死亡",gre
expire,"vi. 期满, 呼气, 断气\nvt. 呼出",cet6 ky toefl ielts gre
explain,"v. 解释, 说明",zk gk cet4 cet6 ky
explanatory,"a. 说明的, 解释的, 辩明的\n[法] 解释的, 说明的",
explorer,"n. 探险家, 探测者, 勘探器\n[医] 探察器",gk toefl
express,"n. 快车, 快递, 专使\na. 明确的, 丝毫不差的, 专门的, 快的\nvt. 表达, 表示, 表露",zk gk cet4 cet6 ky
extend,"v. 扩充, 延伸, 伸展, 扩大\n[计] 扩展",cet4 cet6 ky toefl ielts gre
extinguisher,"n. 熄灭者, 灭火器, 消灭者\n[化] 灭火器; 灭火剂",
eye,"n. 眼睛, 视力, 看\nvt. 看, 注视",zk gk ielts
fabric,"n. 织物, 布, 结构, 构造, 建筑物\n[经] 组织, 建筑物, 工厂",cet4 cet6 ky toefl ielts gre
facilitate,"vt. 使容易, 促进, 帮助\n[法] 使容易, 使便利, 推进",cet6 ky toefl ielts gre
facility,"n. 容易, 灵巧, 设备\n[计] 设施; 设备; 装备",cet4 cet6 ky toefl ielts
factor,"n. 因素, 因数, 系数, 基因, 代理人\n[计] 因式",cet4 ky toefl ielts
factual,"a. 事实的, 实际的\n[法] 事实的, 与事实有关的, 实际的",toefl gre
faculty,"n. 才能, 能力, 全体教员, (大学的)系\n[医] 能力, [大学]院系",cet4 cet6 ky toefl ielts gre
fail,"vi. 失败, 缺乏, 中断, 衰退, 失灵\nvt. 忘记, 使...失望, 缺乏, 不及格\nn. 不及格",zk gk
fall,"n. 落下, 瀑布, 采伐量, 下降, 落差, 降低, 堕落, 秋天\nvi. 倒下, 落下, 来临, 失守, 阵亡, 下跌, 减弱, 倾斜, 垮台, 轮到, 变成, 降低\na. 秋天的",zk gk ielts
familiarity,"n. 熟悉, 精通, 亲密",gre
familiarize,"vt. 使熟悉, 使熟知, 使通俗化",toefl
far,"a. 远的, 久远的, 遥远的\nadv. 甚远地, 很, 到很深的程度, 到很远的距离",zk gk
fare,"n. 费用, 旅客, 食物\nvi. 进展, 进步, 经营, 过活",gk cet4 cet6 ky ielts
farewell,"n. 辞别, 再见, 再会\ninterj. 再会",cet4 cet6 ky ielts gre
fast,"a. 快速的, 紧的\nadv. 很快地, 紧紧地, 彻底地\nn. 绝食, 斋戒\nvi. 绝食, 斋戒",zk gk gre
fasten,"vt. 拴紧, 使固定, 系, 集中于, 强加于\nvi. 扣紧",gk cet4 cet6 ky toefl gre
fatigue,"n. 疲乏, 疲劳\nvt. 使疲劳, 使心智衰弱\nvi. 疲劳\na. 疲劳的",cet4 cet6 ky toefl ielts gre
faulty,"a. 有过失的, 有缺点的, 不完美的, 应受责备的\n[经] 缺点多的",cet4 cet6 ky
favorable,"a. 有利的, 赞许的, 良好的",cet4 ky toefl gre
favorite,"n. 喜欢的事物, 幸运儿\na. 特别受喜爱的, 喜爱的, 宠爱的, 中意的",cet4 ky ielts
fax,n. 传真\nvt. 发传真\n[计] 传真系统; 传真,gk cet4 ky
fear,"n. 恐怖, 害怕, 担心\nv. 害怕, 恐惧, 为...担心, 敬畏",zk gk cet4 cet6 ky
feature,"n. 面孔的一部分(如眼、口等), 特征, 容貌, 特色, 特写\nvt. 是...的特色, 特写, 放映\nvi. 起重要作用\n[计] 特性",cet4 cet6 ky ielts gre
feedback,"n. 反馈, 反应\n[计] 反馈",cet4 cet6 ky ielts gre
female,"n. 女性, 女人, 雌性动物\na. 女性的, 女子的",gk cet4 cet6 ky ielts
ferry,"n. 渡船, 渡口\n[法] 摆渡营业权, 轮渡",gk cet6 ky toefl ielts gre
field,"n. 领域, 田地, 场地, 战场, 场, 域\nvt. 使...晒在场上, 使上场\na. 田间的, 野生的, 野外的, 田赛的\n[计] 域, 字段",zk gk ielts
fight,"n. 打架, 争吵, 斗志\nv. 对抗, 打架",zk gk cet4 cet6 ky
figure,"n. 数字, 价格, 图形, 形状\nvt. 描绘, 表示, 演算, 认为\nvi. 计算, 出现, 估计",gk cet4 cet6 ky toefl ielts
file,"n. 档案, 公文箱, 文件夹, 文件, 卷宗, 锉刀\nvi. 列队行进, 用锉刀做\nvt. 归档, 申请, 锉, 琢磨\n[计] 文件",gk cet4 ky toefl ielts gre
fill,"vt. 装满, 填充, 弥漫, 供给, 满足, 供应\nvi. 充满, 变得沉重\nn. 满足, 装满, 充分, 填方\nvt. 填充\nvi. 填充\n[计] 填充",zk gk
film,"n. 软片, 薄膜, 胶卷, 电影\nvt. 覆以薄膜, 拍摄\nvi. 生薄膜, 拍电影",zk gk ielts
final,"n. 期末考试, 结局, 决赛\na. 最后的, 终极的, 决定性的",zk gk cet4 ky toefl ielts
finalize,"vt. 使结束, 定稿\nvi. 定局",
finally,"adv. 最后, 终于",cet4 ky
financial,"a. 财政的, 金融的\n[经] 财政的, 金融的, 财务的",cet4 cet6 ky toefl ielts
fine,"n. 罚款, 罚金, 晴天, 精细\na. 好的, 晴朗的, 健康的, 细小的, 精细的\nvt. 罚款, 精炼, 澄清\nvi. 变清, 变细\nadv. 很好\n[计] 精细",zk gk toefl ielts
finish,"n. 完成, 结束, 末道漆, 磨光, 完美\nvt. 完成, 结束, 用完, 毁掉\nvi. 结束\n[计] 完成",zk gk toefl
fire,"n. 火, 炉火, 电炉, 火灾, 闪光体, 炮火, 热情\nvt. 点燃, 烧制, 使发光, 激动, 放枪, 解雇\nvi. 着火, 烧火, 开枪, 射击, 激动",zk gk ielts
firefighter,n. <美>消防队员,gk
firework,"n. 烟火具, 烟火, 烟火信号弹, 焰火, 激情的表现",gk cet6
firm,"n. 公司, 商号\na. 坚定的, 坚强的, 牢固的, 结实的, 坚硬的, 坚挺的, 严格的, 确定的\nvt. 使牢固, 使坚定\nvi. 变稳固, 变坚实\nadv. 稳固地",gk cet4 cet6 ky toefl ielts
fiscal,"a. 财政的, 国库的\n[经] 财政上的, 会计的, 国库的",gre
fish,"n. 鱼, 鱼肉, 鱼类, 接合板\nvt. 钓, 钓鱼, 查出, 用接合板连接\nvi. 捕鱼, 钓鱼, 用钩捞取, 摸索寻找",zk gk ielts
fit,"n. 适宜, 合身, 发作, 痉挛\na. 适宜的, 对的, 准备好的\nvt. 适合, 安装, 使合身, 使适应, 使合格\nvi. 适合, 符合, 合身\n[计] 非特",zk gk toefl ielts
fitness,"n. 适合, 合宜, 合理, 恰当, 健康\n[医] 适合性, 适应性",cet6 toefl ielts
fix,"vt. 使固定, 修理, 准备, 安装, 凝视, 牢记, 确定, 整理\nvi. 固定, 注视, 确定\nn. 困境, 方位, 维修, 贿赂",zk gk cet4 cet6 ky
fixture,"n. 固定(状态), 固定物, 设备\n[计] 夹具",cet6 ky toefl ielts
flavor,"n. 滋味, 调味品\nvt. 加味于",ky toefl
flaw,"n. 缺点, 裂纹, 瑕疵, 一阵狂风\n[化] 划痕; 裂缝; 裂纹",cet6 ky toefl ielts gre
fleet,"n. 舰队, 港湾, 小河\na. 快速的, 敏捷的, 浅的, 短暂的\nadv. 浅\nvi. 疾驰, 飞逝, 掠过\nvt. 消磨, 变换船(或船员)的位置",cet4 cet6 ky ielts gre
flexibility,"n. 弹性, 适应性\n[计] 灵活性; 适应性",toefl
flextime,n. 弹性上班制,
floor,"n. 地板, 楼层, 底部, 底价\nvt. 铺地板, 打倒\nn. 地面, 地板, 基底\n[计] 基底",zk gk
flour,"n. 面粉, 粉沫, 碎粉\n[医] 面粉, 麦粉",gk cet4 cet6 ky toefl ielts
flu,"n. 流感, 流行性感冒",zk gk cet4 cet6 ky ielts
fluctuate,"vi. 变动, 起伏, 动摇\nvt. 使波动, 使动摇",cet6 ky toefl ielts gre
fluent,"a. 流利的, 流畅的",gk cet4 cet6 ky toefl ielts
fly,"n. 苍蝇, 两翼昆虫, 飞行\nvi. 飞, 飞翔, 飘扬, 逃走\nvt. 飞, 飞越, 使飘扬, 逃出\na. 敏捷的",zk gk ielts
flyer,"n. 飞鸟, 飞行物, 飞行员, 快车, 传单, 飞跳\n[经] 投机买卖, 孤注一掷, (广告)传单",
focus,"n. 焦点, 焦距\nvi. 聚焦, 注视\nvt. 使聚焦, 调焦, 集中\n[计] 焦点",gk cet4 cet6 ky toefl ielts
fog,"n. 雾, 迷惑, (割后的)最生草, 苔藓\nvi. 被雾笼罩, 变模糊\nvt. 使困惑, 以雾笼罩",gk cet4 cet6 ky toefl
folder,"n. 文件夹, 折纸机, 折叠式书本, 卷宗\n[计] 文件夹",ielts gre
food,"n. 食物, 养料\n[医] 食物, 食品",zk gk ielts
foot,"n. 脚, 步调, 英尺, 底部, 末尾, 步兵\nvt. 走在...上, 给...换底, 支付\nvi. 跳舞, 步行, 总计",zk gk ielts
footwear,"n. 鞋类, 靴类",
forbid,"vt. 禁止, 不准, 妨碍\n[法] 不许, 禁止, 阻止",gk cet4 cet6 ky toefl gre
force,"n. 力量, 武力, 势力, 影响力, 军队, 力, 效力\nvt. 强迫, 强夺, 推动, 提高\n[计] 人工转移; 强制",zk gk cet4 cet6 ky
foreign,"a. 外国的, 外交的, 外省的, 外来的, 不相关的\n[机] 外来的",zk gk ielts
foreman,"n. 领班, 工头, 陪审长\n[经] 领班, 工头",
forget,"vt. 忘记, 忽略, 忘\nvi. 忘记",zk gk
fork,"n. 叉子, 叉状物, 分岔\nvi. 分支, 分歧\nvt. 做成叉形, 叉起\n[计] 派生指令",zk gk cet4 cet6 ky
form,"n. 形状, 形体, 类型, 方式, 表格, 形式\nv. 形成, 排列, (使)组成\nn. 表单\n[计] 表单",zk gk ielts
formally,"adv. 正式地, 形式上",
former,"a. 从前的, 前者的\nn. 起形成作用的人(或物), 模型, 样板",gk cet4 ky toefl ielts
fortunately,"adv. 幸运地, 幸亏",cet4 cet6
forum,"n. 论坛, 公开讨论的广场, 法庭, 讨论会\n[法] 讨论会, 专题讨论, 公共论坛",cet6 ky ielts gre
forward,"a. 向前的, 早的, 迅速的, 在前的, 进步的\nvt. 促进...的生长, 转寄, 运送\nadv. 向前地\n[计] 前推, 转信",zk gk gre
foster,"a. 收养的, 养育的\nvt. 养育, 抚育, 培养, 鼓励, 抱(希望)",cet6 ky toefl ielts gre
founder,"n. 创立者, 建立者\nvt. 使沉没, 使摔倒, 弄跛, 浸水, 破坏\nvi. 沉没, 摔到, 变跛, 倒塌, 失败",toefl gre
fountain,"n. 水源, 源, 喷泉, 泉水, 本源\n[医] 泉",gk cet4 cet6 ky toefl ielts
franchise,"n. 公民权, 特权, 特许经营权, 免赔额\nvt. 给以特权, 给以...公民权",
free,"a. 自由的, 享受政治权力的, 允许的, 免费的, 丰富的\nvt. 释放, 解放, 使自由\nadv. 自由地, 免费",zk gk
freelance,"n. 自由作家, 自由投稿, 自由职业者\na. 自由投稿的",
freight,"n. 船货, 运费, 货运\nvt. 装货, 使充满, 以货运运送, 租(或出租)(船等)",cet4 cet6 ky toefl ielts gre
freighter,"n. 租船人, 承运人, 托运人, 货船, 运输机\n[经] 装货人, 货主, 承运人",toefl
front,"n. 前面, 开头, 前线, 阵线, 态度\nvt. 面对, 朝向, 对抗\nvi. 朝向",zk gk
frustrate,"vt. 挫败, 击败, 破坏\na. 无益的, 挫败的, 挫折的",cet4 cet6 ky toefl ielts gre
fry,"n. 油炸食物, 鱼苗\nv. 油炸, 煎",gk cet4 cet6 ky ielts
full,"n. 全部, 完整\na. 充满的, 完全的, 丰富的, 完美的, 丰满的, 详尽的\nadv. 完全地, 整整, 十分\nvt. 把(衣服等)缝得宽松, 漂洗\n[计] 完整",zk gk
fun,"n. 乐趣, 玩笑, 娱乐\nvi. 开玩笑\na. 供娱乐用的",zk gk
function,"n. 官能, 职务, 功能, 函数\nvi. 活动, 运行, 行使职责\n[计] 功能, 函数",gk cet4 cet6 ky ielts
fund,"n. 基金, 资金, 存款, 财源, 贮藏\nvt. 提供资金, 积累",cet4 cet6 ky toefl
furnish,"vt. 供给, 提供, 装设\n[化] 供应; 供给; 配料",cet4 cet6 ky toefl ielts
further,"a. 更远的, 此外的, 更多的\nvt. 促进, 增进, 助长\nadv. 更进一步地, 更远地, 此外",cet4 cet6 ky toefl ielts
future,"n. 未来, 将来\na. 将来的, 未来的",zk gk ielts
gain,"n. 增益, 获得, 利润, 收获, 增加\nvt. 得到, 增进, 赚到\nvi. 获利, 增加\n[计] 增益",gk cet4 cet6 ky
gallon,n. 加仑\n[医] 加仑,gk cet4 cet6 ky toefl gre
game,"n. 比赛, 玩耍, 比分, 得胜, 比赛规则, 策略, 游戏, 野味\nvi. 赌博\na. 勇敢的, 有胆量的, 关于野味的, 跛的\n[计] 博弈; 对策",zk gk
garage,"n. 车库, 汽车修理厂, 机库\nvt. 把车送入修车场",gk cet4 cet6 ky ielts
garbage,"n. 垃圾, 废物\n[计] 无用信息",gk cet4 cet6 ky toefl ielts
garden,"n. 花园, 果园, 菜园\nvi. 栽培花木\nvt. 造园\na. 花园的, 普通的",zk gk ielts
gardener,"n. 园丁, 花匠, 园艺家",cet4 cet6
garment,"n. 衣服, 衣装, 外表",gk cet6 ky toefl ielts gre
gasoline,n. 汽油\n[化] 汽油,cet4 cet6 ky toefl
general,"n. 一般, 将军, 大体\na. 全面的, 大体的, 总的, 一般的, 普遍的\nn. 常规\n[计] 常规",zk gk cet4 cet6 ky toefl ielts
generalization,"n. 一般化, 普遍化, 概括\n[化] 推广; 普适化",cet6 toefl
generally,"adv. 通常, 逐渐地, 普遍地",cet4 cet6 toefl
generation,"n. 一代, 一世, 产生\n[医] 生殖, 世代",gk cet4 cet6 ky gre
generator,"n. 产生器, 发电机, 生产者\n[计] 发生器",cet4 cet6 ky gre
generic,"a. 属类的, 一般的\n[计] 一般的",ielts gre
generous,"a. 慷慨的, 有雅量的, 大量的, 丰富的",gk cet4 cet6 ky toefl ielts
genre,"n. 类型, 流派",toefl gre
getaway,"n. 逃走, 起步",
glove,n. 手套\nvt. 给...戴手套,zk gk cet4 cet6 ky
goal,"n. 目标, 终点, 得分, 球门, 守门员\nvi. 攻门, 射门得分",gk cet4 cet6 ky toefl ielts
goods,"n. 货物\n[经] 货物, 商品, 动产",gk cet4 cet6 ky ielts
gossip,"n. 闲聊, 随笔, 流言, 爱讲闲话的人\nvi. 说闲话, 闲聊",cet6 ky toefl ielts
government,"n. 政府, 内阁\n[经] 政府, 政治, 政体",zk gk cet4 cet6 ky ielts
graduation,"n. 毕业, 得学位, 分划, 刻度, 分等级\n[医] 刻度, 分度, 毕业",gk
gram,"n. 克, 绿豆, 鹰嘴豆\n[医] 克",gk
graph,"n. 曲线图, 图表, 图形\n[计] 图形",gk cet4 cet6 ky toefl ielts
graphic,"a. 生动的, 轮廓分明的, 绘画似的, 图解的\n[计] 图形的",ky toefl ielts gre
graphics,"n. 制图法, 制图学, 图解算法, 图形显示\n[计] 图形; DOS外部命令:打印图形方式下的屏幕内容",toefl
green,"n. 绿色, 绿色颜料\na. 绿色的, 未成熟的, 新鲜的, 青春的, 无经验的, 脸色发青的",zk gk ielts gre
grill,"n. 烤架, 铁格子, 烤肉\nv. 烧, 烤, 严加盘问, 给...装栅栏",gk ielts gre
grocery,"n. 食品杂货店, 食品杂货业",cet4 cet6
ground,"n. 土地, 战场, 场地, 地面, 范围\na. 土地的, 地面上的\nvt. 放在地上, 使搁浅, 打基础, 给...以训练\nvi. 搁浅, 落地, 根据, 基于\na. 磨过的\ngrind的过去式和过去分词",zk gk ielts
growth,"n. 生长, 栽培, 增长\n[计] 等比级数",gk cet4 cet6 ky ielts
guess,"n. 猜测, 臆测\nv. 猜测, 臆测",zk gk
guidance,"n. 指导, 领导\n[医] 导",gk cet4 cet6 ky ielts
gum,"n. 树胶, 橡皮, 橡皮糖, 牙床, 老天\nvt. 涂以树胶, 用胶粘, 使有粘性\nvi. 分泌树胶, 发粘",cet4 cet6 ky gre
gym,"n. +体育馆, 体育训练, 体育课, 体操",zk ielts
gymnasium,"n. 健身房, 体育馆\n[医] 体育馆, 健身室, 运动场",zk cet4 cet6 ky ielts
habitual,"a. 习惯的, 惯常的, 平常的\n[法] 习惯的, 以习惯为常业的, 惯常的",cet4 cet6
hacker,"[计] 计算机窃贼, 计算机新技术挑战者, 黑客",
hair,"n. 头发, 毛发, 些微\n[医] 毛, 发",zk gk
half,"n. 一半, 半场, 不完全\na. 一半的, 不完全的, 部分的, 半场的\nadv. 一半地, 部分地, 在某种程度上地, 几乎",zk gk
hallway,n. 门厅；玄关；走廊,toefl
hamburger,"n. 汉堡(德国港口), 肉饼, 汉堡包, 纯精牛肉, 汉堡牛排",zk gk cet4 cet6 ky toefl
handbook,n. 手册\n[计] 手册,cet6 ky ielts
handy,"a. 便利的, 敏捷的, 容易取得的\n[化] 便于使用的; 易操作的",gk cet4 cet6 ky toefl ielts
happen,"vi. 发生, 发生, 恰巧",zk gk cet4 ky
happy,"a. 快乐的, 幸福的, 愉快的, 恰当的",zk gk
hard,"a. 坚硬的, 硬的, 难的, 艰苦的, 困难的, 坚固的, 猛烈的, 艰难的, 结实的, 确实的\nadv. 坚硬地, 努力地, 辛苦地, 接近地, 猛烈地, 牢固地",zk gk ielts
hardware,"n. 硬件, 五金器具, 零件\n[计] 硬件",cet4 cet6 ky toefl ielts
hardworking,"a. 苦干的, 不辞辛劳的",gk
harmful,"a. 有害的, 伤害的",gk cet4 cet6 toefl ielts
hazard,"n. 冒险, 危险, 机会\nvt. 冒...的危险, 赌运气, 使冒危险\n[计] 相关危险; 冒险",cet4 cet6 ky toefl ielts gre
hazardous,"a. 危险的, 冒险的, 碰运气的\n[法] 危险的, 冒险的, 碰运气的",cet6 toefl ielts gre
head,"n. 头, 头脑, 领袖, 脑袋, 最前的部分\nvt. 为首, 朝向, 前进, 用头顶\nvi. 朝特定方向行进, (作物)结穗\na. 头的, 在顶端的, 主要的\n[计] 磁头; 冲头",zk gk toefl
headache,"n. 头痛, 令人头痛之事\n[医] 头痛",zk gk cet4 cet6 ky ielts
headphone,"n. 戴在头上的收话器, 耳机\n[电] 头载数话器",
headquarter,vt. 将...的总部设在,
health,"n. 健康, 卫生, 蓬勃, 健康状态\n[医] 健康",zk gk ielts
healthcare,"n. 医疗保健；卫生保健；健康护理, 健康服务",ielts
healthful,"a. 有益健康的, 使人健康的, 卫生的\n[法] 有益健康的, 健康的, 卫生的",toefl
hear,"vt. 听到, 倾听, 听说, 审理\nvi. 听见, 听",zk gk
heart,"n. 心, 心脏, 中心, 内心, 感情, 精神, 心情, 宝贝儿\nvt. 鼓励",zk gk ielts
heater,"n. 加热器, 灯丝, 加热工\n[化] 加热器",cet6 ielts
helmet,"n. 钢盔, 盔, 防护帽\nvt. 给...戴头盔",gk cet4 cet6 ky ielts gre
hereby,"adv. 因此, 据此",
herself,"pron. 她自己, 她亲自",zk gk
hesitant,"a. 迟疑的, 踌躇的, 犹豫不定的",
hesitation,"n. 犹豫, 踌躇, 含糊, 口吃, 暂停\n[计] 暂停",
highway,"n. 公路, 大道, 捷径\n[法] 公路, 大路",gk cet4 cet6 ky
hike,"n. 徒步旅行, 远足, 涨价, 提高\nvi. 步行, 徒步旅行, 上升\nvt. 使高涨, 拉起",cet6 ky toefl ielts gre
hiker,n. 徒步旅行者,
history,"n. 历史, 过去, 经历, 发展过程, 历史学, 过去的事, 历史记录\n[计] 历史记录",zk gk cet4 cet6 ky ielts
hit,"n. 打击, 打, 冲撞, 讽刺\nvt. 打, 打击, 碰撞, 打中, 袭击, 偶然碰上\nvi. 打, 打中, 打击, 碰撞, 偶然碰上\n[计] 击中; 找到; 瞬时打扰",zk gk cet4 cet6 ky ielts
hobby,"n. 嗜好, 癖好, 爱好",zk gk ielts
holiday,"n. 假日, 假期, 节日\nvi. 度假",zk gk ielts
homeless,"a. 无家的, 无养主的",
homemade,"a. 自制的, 国产的",toefl
homeowner,n. 私房屋主；自己拥有住房者,
homework,"n. 家庭作业, 家里做的工作\n[经] 家庭作业",zk gk ielts
honestly,"adv. 真诚地, 公正地",
hope,"n. 希望, 信心, 期待\nv. 希望, 期望, 信赖",zk gk
hospital,n. 医院\n[医] 医院,zk gk ielts
hospitality,"n. 款待, 亲切, 殷勤",cet6 ky ielts
hot,"a. 热的, 热心的, 辣的, 热情的, 激动的, 猛烈的, 紧迫的\nadv. 热, 紧迫地",zk gk
hotel,"n. 旅馆, 客栈",zk gk ielts
hotline,"n. 热线电话, 咨询电话；热线",
hourly,"a. 每小时的, 以小时计的, 频繁的\nadv. 每小时地, 频繁地, 不绝地",
house,"n. 房子, 住宅, 机构, 议院, 家族, 家庭\nvt. 给...房子住, 收藏\nvi. 住, 躲藏",zk gk toefl ielts
housekeeper,"n. 主妇, 女管家",
huge,"a. 极大的, 巨大的, 无限的",zk gk cet4 ky
human,"n. 人, 人类\na. 人类的, 似人类的, 人性的, 有同情心的",zk gk cet4 ky toefl ielts
humidity,"n. 湿气, 潮湿, 湿度\n[计] 湿度",cet6 ky toefl ielts gre
hungry,"a. 饥饿的, 荒年的, 渴望的, 不毛的\n[化] 欠鞣皮",zk gk
hurricane,"n. 飓风, 暴风, 暴风雨",gk cet6 ky toefl ielts gre
husband,"n. 丈夫, 管理人, 节俭的人\nvt. 节俭, 使成丈夫, 持有",zk gk gre
hygiene,"n. 卫生保健, 卫生学, 保健法\n[医] 卫生, 卫生学",toefl ielts gre
icy,"a. 冰的, 冰冷的, 冷淡的, 滑溜的",cet6
ideally,"adv. 完美地, 理想地",cet6
identification,"n. 识别, 身份证明, 认同\n[化] 鉴定; 鉴别; 鉴别法; 认证",gk cet4 cet6 ky toefl ielts
identify,"vt. 识别, 认为...等同于, 确定, 使参与\nvi. 一致, 认同",cet4 cet6 ky toefl ielts
illogical,"a. 不合逻辑的, 无缘由的\n[法] 不合逻辑的, 无条理的, 说不通的",
image,"n. 影像, 肖像, 想象, 图像, 形象, 翻版\nvt. 作...的像, 反映, 想象, 象征\nn. 图像\n[计] 图象",cet4 cet6 ky toefl ielts
imagine,"vt. 想像, 设想, 猜测\nvi. 想像起来",zk gk cet4 cet6 ky toefl
immediately,"adv. 直接地, 立刻, 立即",zk gk cet4 cet6 toefl
immigration,"n. 移民, 移居\n[医] 移民",gk cet6 toefl
impact,"n. 冲击, 冲突, 影响, 效果\nvt. 挤入, 撞击, 压紧, 对...发生影响",cet4 cet6 ky toefl ielts gre
impatient,"a. 不耐烦的, 着急的, 急切的",cet4 cet6 ky toefl
imperative,"n. 命令, 必要的事, 规则, 祈使语气\na. 命令式的, 急需的, 势在必行的, 强制的",cet6 ky toefl ielts gre
important,"a. 重要的, 有地位的, 大量的, 显要的, 自负的\n[计] 要点",zk gk ielts
improve,"vt. 改良, 提高...的价值, 改善, 利用\nvi. 变得更好, 增加",zk gk cet4 cet6 ky
inappropriate,"a. 不适当的, 不相称的",toefl
inclusive,"a. 包含的, 包括的",cet6 ky toefl ielts gre
income,"n. 收入, 收益, 流入\n[经] 收益",gk cet4 cet6 ky
incoming,"a. 进来的, 刚开始的, 新来的\nn. 进来",ielts
incomplete,"a. 不完全的, 未完成的, 不完善的\n[机] 不完全的",cet6
inconvenience,"n. 不便, 困难\nvt. 使感不便, 使感困难",
increase,"n. 增加, 增进, 利益\nvt. 增加, 加大\nvi. 增加, 繁殖",zk gk cet4 cet6 ky
incur,"vt. 招致, 蒙受, 遭遇\n[经] 招致, 蒙受, 担负",cet6 ky toefl ielts gre
indeed,"adv. 的确, 实在, 真正地, 甚至",gk cet4 cet6 ky
independent,"n. 独立自主者, 无党派者\na. 独立的, 有主见的, 不须依赖的, 不受约束的",gk cet4 cet6 ky toefl
indicate,"vt. 显示, 象征, 指示, 指出\n[医] 指示",gk cet4 cet6 ky toefl gre
indicator,"n. 指示器, 指示剂, 指标\n[计] 指示器",ielts
indirect,"a. 间接的, 非直截了当的, 不坦率的\n[医] 间接的",cet4 cet6
individual,"n. 人, 个人, 个体\na. 个别的, 个人的, 独特的",cet4 cet6 ky ielts gre
individually,"adv. 以个人身分, 各个地, 独特地",
indoor,"a. 户内的, 室内的",cet4 cet6 ky
induction,"n. 归纳法, 感应, 就职, 入门\n[计] 归纳法",cet6 gre
industry,"n. 勤劳, 工业, 企业, 产业, 有组织的劳动\n[经] 工业, 实业",zk gk cet4 cet6 ky ielts
inefficient,"a. 无效率的, 无能的\n[医] 无效的, 无效力的",cet4 cet6
inexpensive,"a. 便宜的, 不贵重的",cet4 cet6
inexperience,"n. 无经验, 不熟练",
infer,"vt. 推论出, 推断\nvi. 作推论",cet4 cet6 ky toefl gre
inference,"n. 推论\n[法] 推论, 推理, 推断",cet6 ky ielts
inflate,"vt. 使膨胀, 使得意, 使通货膨胀, 使充气\nvi. 充气, 膨胀",cet6 toefl gre
influence,"n. 影响力, 权力, 势力\nvt. 影响, 改变",zk gk cet4 cet6 ky ielts
influential,"a. 有影响的, 有势力的",cet4 cet6 ky toefl
informal,"a. 非正式的, 不拘礼的, 通俗的\n[经] 非正式的, 日常使用的",toefl
information,"n. 消息, 知识, 通知, 情报, 信息, 问讯处, 起诉\n[计] 信息",zk gk ielts
informative,"a. 提供消息的, 见闻广博的",toefl ielts
ingredient,"n. 成分, 因素\n[化] 配合剂; 拼料; 成分; 组分",cet4 cet6 ky toefl ielts gre
ink,"n. 墨水, 墨汁\nvt. 涂墨水于, 签署, 加墨水",zk gk cet4 cet6 ky
innovative,"a. 革新的, 创新的, 富有革新精神的",toefl gre
inquire,"v. 询问, 问明, 查究",cet4 cet6 ielts
insert,"n. 插入物\nvt. 插入, 把(人造卫星)射入(轨道), 添写\nvi. 附着\n[计] 插入",gk cet4 cet6 ky toefl ielts gre
inside,"n. 内部, 内脏, 内幕\na. 内部的, 秘密的, 户内的\nadv. 在里面\nprep. 在...之内",zk gk cet4 cet6 ky
inspect,"vt. 检查, 检阅, 检验\nvi. 检查",gk cet4 cet6 ky toefl
inspection,"n. 检验, 检查, 视察\n[医] 检查, 视察, 监督, 望诊",cet4 cet6 toefl ielts gre
inspector,"n. 检查员, 巡视员\n[化] 检查员",cet6 toefl
inspiration,"n. 灵感, 鼓舞人心的人或物, 妙计, 吸气\n[医] 吸[气]",cet6 ky toefl ielts gre
installation,"n. 安装, 装置, 就职\n[医] 结构, 装置, 设立",cet4 cet6 ky
instance,"n. 建议, 情况, 例子, 场合\nvt. 引以为例, 举例说明",cet4 cet6 ky
instead,"adv. 作为替代, 反而",zk gk
institute,"n. 学会, 学院, 协会\nvt. 创立, 开始, 制定, 任命",gk cet4 cet6 ky toefl ielts gre
instruct,"vt. 教, 教育, 命令, 通知\n[法] 托办, 指导, 指示",gk cet4 cet6 ky toefl
instructor,"n. 教员, 讲师\n[法] 指导者, 教员, 讲师",cet6
insufficient,"a. 不够的, 不能胜任的, 不充足的\n[法] 不足的, 不充分的, 不能胜任的",cet4 cet6 toefl gre
integral,"n. 整体, 积分, 整数\na. 固有的, 整体的, 整数的, 积分的\n[计] 积分",cet6 ky toefl ielts gre
intently,"adv. 一心一意地, 心无旁物地, 专心地",
interactive,"a. 相互作用的, 相互影响的\n[计] 交互, 人机对话的",toefl
interest,"n. 兴趣, 嗜好, 利息, 利益, 爱好, 趣味, 势力\nvt. 使感兴趣, 与...有关系",zk gk cet4 cet6 ky toefl ielts
interfere,"vi. 妨碍, 冲突, 干涉, 抵触\n[医] 干扰, 干涉, 阻碍, 碰腿(马)",cet4 cet6 ky toefl
intern,"n. 实习生, 被拘留者\nvi. 作实习医师(教师、实习生)\nvt. 拘留, 扣留",cet4 gre
international,a. 国际的\nn. 国别设定\n[计] 国别设定,zk gk cet4 cet6 ky ielts
internationally,"adv. 国际性地, 在国际间",
internet,"[计] 因特网, 国际互连网, 网际网络, 互连网络, 广域网",zk gk cet4 ky ielts
internship,"n. 实习医师的职务\n[医] 实习医师职位, 实习医师期",
interpreter,"n. 直译程序, 解释者, 口译者, 注释器\n[计] 注释器",gk cet4 cet6
interrupt,"vt. 中断, 妨碍, 插嘴\nvi. 打断\nn. 中断\n[计] 中断",gk cet4 cet6 ky toefl gre
intersection,"n. 交集, 十字路口, 交叉点\n[计] 逻辑乘; 与",cet6 ky toefl ielts
interview,"n. 面谈, 访问, 接见, 面试\nvt. 接见, 对...进行面谈(试)",zk gk cet4 cet6 ky ielts
intonation,"n. 朗诵, 语调, 唱\n[化] 声调",cet6
introduce,"vt. 介绍, 引入, 采用, 输入\n[法] 引进, 输入, 介绍",zk gk cet4 cet6 ky
introductory,"a. 介绍的, 引导的, 开端的",
invaluable,"a. 无价的, 价值无法衡量的",cet6 ky toefl ielts
invention,"n. 发明, 创作能力, 虚构的故事\n[经] 发明",zk gk cet4 cet6 ky
inventory,"n. 详细目录, 存货清单\nvt. 列入详细目录, 清点存货\n[计] 存货清单",cet6 ky toefl ielts gre
investment,"n. 投资\n[医] 包埋料, 围模料, 包埋法, 围模法",cet4 cet6 ky ielts
invoice,"n. 发票, 发货单\nv. 开发票, 记清单",cet6 ielts gre
involve,"vt. 包括, 使陷于, 潜心于, 包围\n[医] 累及, 牵涉, 包含",cet4 cet6 ky toefl ielts
irregular,"n. 不规则物, 不合规格之物\na. 不规则的, 不整齐的, 不合法的",cet4 cet6 toefl ielts
irrelevant,"a. 不恰当的, 无关系的, 不相干的\n[法] 无关的, 不相干的, 离题的",toefl
irritate,"vt. 激怒, 使发怒, 使兴奋, 使发炎\nvi. 引起不快",cet6 ky toefl ielts gre
issue,"n. 发行, 问题, 后果, 流出, 出口, 争端\nvi. 发行, 流出, 造成...结果, 传下\nvt. 使流出, 放出, 发行, 发布, 发给",cet4 cet6 ky toefl ielts gre
item,"n. 项目, 条款, 一则, 项\n[计] 项",cet4 ky ielts
itinerary,"n. 旅程, 旅行指南, 游记\na. 巡回的, 旅程的",toefl ielts gre
itself,"pron. 它本身, 它自己",zk gk
jam,"n. 果酱, 拥塞之物, 堵塞, 困境\nvt. 挤进, 使塞满, 混杂, 压碎, 使堵塞\nvi. 堵塞, 轧住, 拥挤",gk cet4 cet6 ky ielts
jazz,"n. 爵士乐, 喧闹\na. 爵士乐的, 喧吵的\nvi. 演奏爵士乐, 跳爵士舞, 游荡\nvt. 奏爵士乐, 使活泼",gk cet4 ky gre
jean,"n. 牛仔裤, 牛仔布, 斜纹棉布",cet6
jet,"n. 喷射流, 喷嘴, 煤玉\nv. 射出, 迸出, 喷射\na. 黑而发亮的, 墨黑的",gk cet4 cet6 ky
jewelry,"n. 珠宝, 珠宝类",gk ky toefl ielts
job,"n. 工作, 零活, 职业, 事情\nvi. 做零工, 打杂, 做股票经纪, 假公济私\nvt. 代客买卖, 批发, 承包, 欺骗\n[计] 作业",zk gk ielts
jog,"n. 轻推, 轻撞, 慢跑\nv. 轻推, (使)蹒跚行进, (使)慢跑",gk cet6 ky toefl ielts gre
join,"vi. 参加, 结合, 加入\nvt. 连接, 结合, 参加, 加入\nn. 连接, 结合, 接合点\n[计] 连接; 汇合指令",zk gk toefl
journalism,"n. 新闻业, 报章杂志\n[法] 报刊, 新闻业, 新闻出版",toefl
judge,"n. 法官, 裁判员, 审判官, 鉴定人\nvt. 审理, 鉴定, 判断, 判决, 裁定\nvi. 下判断, 作评价",gk cet4 cet6 ky
juice,"n. 汁, 活力, 体液\nvt. 挤出汁来, 加汁",zk gk toefl ielts
junior,"n. 年少者, 地位较低者, 大学三年级学生\na. 年少的, 下级的, 后进的",gk cet4 cet6 ky ielts
junk,"n. 垃圾, 乌七八糟的东西, 舢板\n[计] 清除",gk cet6 ky ielts
key,"n. 钥匙, 键, 解答, 关键, 要害, 基调, 线索, 答案, 暗礁\nvt. 调音, 锁上, 提供线索\nvi. 使用钥匙\n[计] 键, 密钥",zk gk ielts
keyboard,n. 键盘\n[计] 键盘,zk gk cet4 cet6 ky toefl
kill,"n. 杀, 杀戮, 小河\nvt. 杀, 破坏, 消灭, 使终止, 抵消, 否决\nvi. 杀死\n[计] 删除",zk gk cet4 ky
kilogram,"n. 千克, 公斤\n[医] 千克, 公斤",zk gk cet4
kilometer,"n. 千米, 公里\n[医] 千米, 公里",cet4
kind,"n. 种类, 性质, 方式\na. 亲切的, 仁慈的, 和蔼的",zk gk
kit,"n. 装备, 工具箱, 成套工具\n[计] 成套部件; 成套零件",cet6 ky ielts
knowledge,"n. 知识, 学问, 认识, 知道",zk gk cet4 cet6 ky ielts
knowledgeable,"a. 聪明的, 有知识的",toefl
lab,"n. 实验室, 研究室\n[医] 凝乳酶",zk gk cet4 cet6 ky ielts
lack,"n. 缺乏, 无, 不足\nvt. 缺乏, 短少, 不足, 需要\nvi. 缺乏",gk cet4 ky ielts
ladder,"n. 梯, 梯状物, 发迹的途径\nvi. 袜子抽丝, 成名",gk cet4 cet6 ky
lamp,n. 灯\nvt. 照亮\n[计] 逻辑模拟分析系统,zk gk cet4 cet6 ky toefl ielts
land,"n. 陆地, 地面, 地界, 地产, 国土, 土地\nvi. 登陆, 登岸, 到达\nvt. 使上岸, 使登陆, 使到达\n[计] 连接盘; 焊盘",zk gk toefl ielts
landlord,"n. 房东, 地主\n[经] 业主, 地主, 房东",cet4 cet6 ky
lane,"n. 小路, 巷, 弄, 单行道",cet4 cet6 ky ielts
language,"n. 语言, 文字, 措辞\n[计] 语言",zk gk ielts
laptop,[计] 膝上型的,ky
late,"a. 迟的, 晚的, 已故的\nadv. 很晚, 很迟, 晚",zk gk
lately,"adv. 近来, 最近",gk cet4 cet6 ky toefl
laugh,"n. 笑, 笑声\nvi. 笑, 大笑\nvt. 以笑表示",zk gk
laundry,"n. 洗衣店, 洗好的衣服, 洗涤\n[机] 洗衣作, 洗衣店, 洗衣房",gk cet4 cet6 ky toefl ielts
law,"n. 法律, 法则, 定律, 法律的制约, 法学, 司法界, 诉讼\nv. 起诉",zk gk cet4 cet6 ky ielts
lawn,"n. 草地, 草坪, 上等细麻布\n[机] 细筛",cet4 cet6 ky toefl ielts
layoff,"n. 临时解雇, 操作停止, 活动停止期间",cet6 ky ielts
layout,"n. 布局, 陈列, 规划图, 页面布局, 版面编排\n[计] 页面布局, 版面",cet4 cet6 ky toefl ielts
leader,"n. 领导者, 社论, 指挥, 领袖, 领唱者, 前导字符\n[计] 前导字符",zk gk cet4 cet6
leak,"n. 漏洞, 漏处, 漏出, 泄漏\nvi. 漏, 泄漏\nvt. 使渗漏",gk cet4 cet6 ky toefl ielts gre
lease,"n. 租约, 租期, 租\nvt. 出租, 租出, 租得",cet6 ky toefl ielts gre
lecturer,"n. 演讲者, 讲师\n[法] 讲演人, 讲课人, 讲师",
legal,"a. 法律的, 法定的, 合法的\n[经] 法定权利; 法律(上)的, 合法的",gk cet4 cet6 ky toefl ielts
leisure,"n. 空闲, 闲暇, 悠闲\na. 空闲的, 有闲的",cet4 cet6 ky toefl ielts
lengthy,"a. 冗长的, 漫长的",toefl
less,"n. 较少, 较小\na. 少的, 小的\nadv. 较少, 较小, 较差\n[计] 最低成本估算与调度法",gk cet4 ky
letter,"n. 信, 字母, 证书, 字面意义, 铅字, 学问, 出租人\nvt. 写字母于, 在...上刻字母, 用字母标明\nvi. 写印刷体字\n[计] 字母",zk gk ielts
letterhead,"n. 信笺上方的印刷文字, 印有抬头的信笺",
level,"n. 水平, 水准, 平地\na. 同高的, 平坦的, 齐平的, 水平的\nvt. 弄平, 夷平, 使同等, 瞄准, 对准\nvi. 变平, 拉平\n[计] 级别",zk gk cet4 cet6 ky ielts
librarian,"n. 图书馆员, 图书管理员\n[计] 程序库管理程序; 程序库生成程序",gk cet4 cet6 ky toefl
lie,"n. 谎言, 假象, 位置\nvi. 躺着, 说谎, 位于, 展现, 存在, 停泊\nvt. 谎骗",zk gk
lifeguard,"n. 卫兵, 禁卫军, 救生员",
lifestyle,n. 生活方式,ielts
lifetime,"n. 一生, 终生\na. 一生的, 终生的",gk cet4 cet6 ky
light,"n. 光, 光亮, 灯, 日光, 发光体, 光源, 杰出人物, 火花, 眼光\na. 轻的, 少量的, 轻微的, 轻快的, 轻浮的, 明亮的, 淡色的, 容易的\nvt. 点燃, 照亮\nvi. 点着, 变亮, 突降, 偶然碰到\nadv. 轻地",zk gk ielts
lighter,"n. 点火者, 点灯工人, 打火机, 驳船\nvt. 以驳船搬运",cet6
lightweight,"n. 不到平均重量的人/物, 轻量级, 无足轻重的人, 性格不够强的人\na. 平均重量以下的, 重量轻的\n[计] 轻便的, 轻量的",
likely,"a. 有可能的, 合适的, 前途有望的\nadv. 或许, 可能",gk cet4 cet6 ky
likewise,"adv. 同样地, 也",cet4 cet6 ky toefl ielts
limit,"n. 界限, 边界, 限度, 极限, 限制\nvt. 限制, 限定",gk cet4 cet6 ky
link,"n. 环, 连结物, 链接, 火把\nvt. 连结, 联合, 挽住\nvi. 连接起来\n[计] 连接, 链路",gk cet4 cet6 ky ielts
list,"n. 目录, 名单, 明细表, 布条, 条纹, 列表, 序列, 数据清单\nvt. 列出, 列于表上, 记入名单内, 装布条\nvi. 列于表上\n[计] 列表, 序列, 数据清单",zk gk cet4 cet6 ky ielts gre
listen,"vi. 听, 倾听, 听从\nn. 听, 倾听",zk gk
liter,n. 公升\n[化] 升,cet4 cet6
little,"n. 一点点, 少许, 一会儿, 短时间\na. 小的, 很少的, 幼小的, 琐碎的, 短暂的, 矮小的\nadv. 很少, 稍微, 完全不",zk gk
lobby,"n. 大厅, 休息室, 游说议员者\nvi. 游说议员, 游说\nvt. 游说",cet6 ky toefl ielts gre
local,"a. 地方性的, 当地的, 局部的, 乡土的, 本地的\nn. 当地居民, 本地新闻, 局部\n[计] 本地的; 局部",gk cet4 cet6 ky ielts
locally,"adv. 地方性地, 局部性地, 在当地",toefl
locker,"n. 抽屉, 小柜, 上锁人\n[机] 锁柜",ky ielts
logical,"a. 合乎逻辑的, 合理的\n[法] 逻辑的, 符合逻辑的",cet4 cet6 ky toefl
login,"[计] 注册(程序), 登记, 用户注册程序",
logo,"n. 连合活字, 商标, 徽标\n[计] 徽标",
long,"a. 长的, 长久的, 冗长的, 做多头的\nvi. 渴望, 热望, 极想\nadv. 长久, 始终\nn. 长时间, 长信号, 长整型\n[计] 长, 长整型",zk gk toefl
lose,"vt. 遗失, 损失, 丢失, 使失去, 错过, 浪费, 迷失, 使迷路, 输去, 使沉溺于\nvi. 受损失, 失败",zk gk cet4 cet6 ky
loss,"n. 损失, 遗失, 失败, 输, 错过, 伤亡\n[化] 损失; 损耗",gk cet4 cet6 ky ielts
loudly,"adv. 高声地, 大声地, 吵闹地",gk
lounge,"n. 闲逛, 休闲室, 长沙发\nvi. 闲混, (懒洋洋地)躺\nvt. 闲混",gk cet6 ky ielts gre
love,"n. 爱, 恋爱, 爱情, 爱好, 性爱\nvt. 爱, 爱好, 爱慕\nvi. 爱",zk gk
loyal,"a. 忠诚的, 忠实的, 忠贞的",cet4 cet6 ky toefl ielts gre
loyalty,"n. 忠贞, 忠诚, 忠实\n[法] 忠诚, 忠心",cet4 cet6 ky
luggage,"n. 行李, 皮箱",gk cet4 cet6 ky
luncheon,"n. 午宴, 午餐会",cet6
lunchtime,n. 午餐时间,
machine,"n. 机器, 机械装置, 机构, 自动售货机, 机械般工作的人\nvt. 以机器制造",zk gk ielts
machinery,"n. 机器, 机械装置, 机构\n[化] 机械",ky
magazine,"n. 杂志, 仓库, 弹盒, 胶卷盒\n[计] 卡片箱, 介质装卸程序",zk gk cet4 cet6 ky ielts
main,"n. 主要部分, 干线, 体力, 力量, 主群组\na. 主要的, 重要的, 全力的\n[计] 主群组",zk gk cet4 cet6 ky ielts
maintain,"vt. 维持, 维修, 保持, 坚持, 供养, 主张\n[化] 维修",cet4 cet6 ky toefl ielts
major,"n. 主修课, 成年人, 陆军少校\na. 主要的, 较多的, 大部分的, 成年的, 严重的\nvi. 主修\n[计] 主要, 主要刻度",gk cet4 cet6 ky toefl ielts
majority,"n. 多数, 大半\n[计] 多数逻辑",gk cet4 cet6 ky toefl ielts
male,"n. 男人, 雄性动物\na. 男性的, 雄性的, 有力的",gk cet4 ky ielts
malfunction,"n. 故障, 失灵, 疾病\nvi. 发生故障, 不起作用\n[计] 故障",ky toefl gre
mall,n. 林荫路,cet6 toefl ielts
manage,"vi. 处理\nvt. 管理, 控制, 维持, 达成, 经营, 运用",zk gk cet4 cet6 ky
management,"n. 经营, 支配, 管理\n[化] 管理处",cet4 cet6 ky ielts
manager,"n. 经理, 管理员, 管理器\n[计] 管理器",zk gk ielts
managerial,"a. 管理的\n[经] 管理上的, 经营上的",cet6
mandatory,"a. 命令的, 托管的\n[经] 受托者, 命令者",toefl ielts gre
manual,"n. 手册, 指南\na. 手的, 手动的, 手工的, 体力的\n[计] 人工的, 手动的",cet4 cet6 ky toefl ielts
mark,"n. 标志, 分数, 马克, 痕迹, 斑点, 靶子, 刻度, 记号, 符号, 戳记, 标准, 起跑线\nvt. 做标记于, 留意, 打分数, 表明, 标志, 记录\nvi. 作记号, 记得分\n[计] 标志; 标记; 传号",zk gk cet4 ky
market,"n. 市场, 交易, 集市, 推销地区, 行情, 市面, 销路\nvt. 在市场上交易, 使上市, 销售\nvi. 在市场上买卖",zk gk ielts
marry,"vt. 与...结婚, 娶, 嫁\nvi. 结婚",zk gk cet4 ky
mask,"n. 面具, 假面具, 掩饰, 石膏面模\nvt. 戴面具, 掩饰, 使模糊\nvi. 化装, 戴面具, 掩饰, 参加化装舞会\n[计] 屏蔽; 掩码",gk cet4 cet6 ky toefl ielts gre
massage,"n. 按摩, 揉\nvt. 按摩, 揉",
match,"n. 比赛, 火柴, 对手\nvt. 使相配, 使比赛, 与...竞争\nvi. 结婚, 相配\n[计] 比较",zk gk toefl ielts
material,"n. 材料, 物资, 素材, 布料, 资料\na. 物质的, 肉体的, 重要的",gk cet4 cet6 ky ielts
matter,"n. 事件, 物质, 原因, 素材, 实体, 重要\nvi. 有关系",gk
maximize,"vt. 取...最大值, 使增加(或扩大)到最大限度\n[计] 最大化",gre
maybe,"adv. 也许, 大概\nn. 可能性",zk gk
meaningful,a. 意味深长的,cet6 toefl
meantime,"n. 间隔时间, 其时\nadv. 其间",cet4 cet6 ky
measure,"n. 尺寸, 量度器, 量度标准, 测量, 量具, 程度, 范围, 限度, 分寸, 措施, 方法\nvt. 测量, 测度, 估量, 权衡, 调节, 拿(自己或自己的力量等)作较量\nvi. 度量",gk cet4 cet6 ky ielts
mechanic,"n. 机械工, 技工\na. 手工的",cet4 cet6 ky
mechanical,"a. 机械的, 机械性的, 力学的\n[医] 机械的, 力学的",cet4 cet6 ky toefl gre
media,n. 媒体\n[计] 媒质,gk cet4 cet6 toefl ielts
medication,"n. 药物治疗, 药物处理, 医药\n[医] 药疗法, 投药法",
medium,"n. 媒体, 方法, 媒介\na. 半生熟的, 中间的\n[计] 媒体, 中",gk cet4 cet6 ky toefl ielts gre
memo,n. 备忘录\n[经] 备忘录,ky toefl
memorandum,"n. 备忘录, 外交备忘录, 交易备忘录\n[经] 备忘录, 便笺, 便函",toefl
memorize,"vt. 记住, 熟记, 背熟",gk toefl
memory,"n. 记忆, 记忆力, 回忆, 纪念, 存储\nn. 内存\n[计] 存储器, 内存, 查看内存实用程序",zk gk cet4 cet6 ky toefl
mention,"n. 提到, 言及, 陈述\nvt. 提到, 提及",zk gk toefl
mentor,"n. 指导者, 良师益友",toefl gre
merchandise,"n. 商品, 货物\nv. 交易, 买卖",cet6 ky toefl
merchant,"n. 商人, 店主\na. 商业的, 商人的",gk cet4 cet6 ky toefl
merge,"vt. 使合并, 使消失, 吞没\nvi. 合并, 渐渐消失\n[计] 合并",cet6 ky toefl ielts
merger,"n. 合并, 归并\n[经] 购并",ky toefl
merit,"n. 优点, 功绩, 价值, 功过, 真相\nvt. 值得\nvi. 应受",cet4 cet6 ky toefl ielts gre
message,"n. 消息, 通讯, 讯息, 教训, 预言, 广告词\nvt. 通知\nvi. 通报, 报告, 报信\n[计] 报文; 消息; 信息",zk gk cet4 cet6 ky
messenger,"n. 报信者, 使者\n[经] 使者, 送信者, 通信员",cet4 cet6 ky
method,"n. 方法, 办法, 条理, 秩序\n[医] [方]法",zk gk cet4 cet6 ky ielts
microphone,"n. 扩音器, 麦克风\n[医] 扩音器, 传声器",cet4 cet6 ky ielts
microscope,n. 显微镜\n[化] 显微镜,gk cet4 cet6 ky toefl gre
microwave,n. 微波\n[计] 微波,gk cet6 toefl
middle,"n. 中央, 中间, 腰部\na. 中央的, 中庸的, 中间的",zk gk
midnight,"n. 午夜, 子夜, 半夜\na. 午夜的, 半夜的",gk cet4 cet6 ielts
mild,"a. 温和的, 温柔的, 淡味的, 适度的, 轻微的, (肥皂等)软性的\n[医] 轻的, 缓和的",gk cet4 cet6 ky toefl
mile,"n. 英里, 很大距离\n[机] 英里, 哩",zk gk cet4 cet6 ky
mileage,n. 英里数\n[经] 运费(按英里计算的),ielts
military,"n. 军队\na. 军事的, 军人的, 适于战争的",cet4 cet6 ky toefl
mind,"n. 思想, 愿望, 智力, 记忆, 心理, 情绪, 理智, 主意, 心意\nvi. 介意, 注意, 留心\nvt. 注意, 留意, 专心于, 照看, 介意",zk gk ielts
mine,"n. 矿, 矿藏, 地雷\nvt. 挖掘, 开采, 在...布雷, 破坏\nvi. 开矿, 埋设地雷\npron. 我的",gk toefl ielts
mineral,"n. 矿物, 无机物, 苏打水\na. 矿物的, 似矿物的",gk toefl
mini,"n. 同类中的极小者, 微型汽车, 超短裙\na. 微型的",
minimize,vt. 将...减到最少\nvt. 最小化\nvi. 最小化\n[计] 最小化,cet6 ky toefl gre
minute,"n. 分, 分钟, 片刻, 备忘录, 笔记\nvt. 记录, 摘录, 测定时间\na. 微小的, 详细的",zk gk toefl ielts
misidentify,v. 识别错,
mislead,vt. 误导,cet4 cet6 ky toefl
misplace,vt. 放错地方,
miss,"n. 失误, 避免, 失败, 小姐\nvt. 未得到, 未达到, 未听到, 未觉察, 逃脱, 遗漏, 错过, 思念\nvi. 失败, 击不中",zk gk
mister,n. 先生,cet4 cet6
model,"n. 模型, 模范, 模特儿\na. 模范的, 作模型用的\nvi. 做模型, 做模特儿\nvt. 使模仿, 塑造\n[计] 模型",zk gk cet4 ky ielts
modem,n. 调制解调器\n[计] 调制解调器,gk toefl
modern,"n. 现代人, 有思想的人\na. 现代的, 时髦的",zk gk ielts
modification,"n. 修正, 修饰, 修改\n[化] 修饰; 修改",cet6
monument,"n. 纪念碑, 纪念物, 石碑",gk cet4 cet6 ky toefl
morale,"n. 士气, 道德",toefl gre
mosquito,n. 蚊子\n[医] 蚊,gk cet4 cet6 ky ielts gre
mother,"n. 母亲, 修女院长\nvt. 产生, 照看, 收养",zk gk ielts
motorcycle,"n. 摩托车\n[机] 机动车, 机踏车, 摩托车",zk gk ielts
movement,"n. 运动, 动作, 运转, 移动, 倾向, 变化, 活动, 乐章\n[医] 运动",gk cet4 cet6 ky gre
movie,n. 电影,zk gk cet4 ky ielts
mower,"n. 刈草的人, 刈草机",
music,"n. 音乐, 乐曲",zk gk ielts
myself,"pron. 我自己, 我亲自, 我独自",zk gk
nail,"n. 钉子, 指甲\nvt. 用钉钉牢, 使固定, 截住, 揭露",gk cet4 cet6 ky toefl
nap,"n. 小睡, 稍睡, 细毛, 孤注一掷\nvi. 小睡, 疏忽\nvt. 使拉毛, 打盹度过, 预测...为获胜马",cet4 cet6 ky ielts
nation,"n. 国家, 民族\n[法] 民族, 国家",gk cet4 cet6 ky
national,"a. 国家的, 国立的, 全国性的, 民族的\n[经] 全国性的, 国家的, 国民的",zk gk cet4 cet6 ky ielts
nationwide,"a. 全国性的\n[法] 全国的, 全国范围的",gk toefl
natural,"n. 白痴\na. 自然的, 自然界的, 本能的, 天然的, 物质的, 正常的, 原始的, 自然数的",zk gk cet4 cet6 ky toefl ielts
nature,"n. 自然, 大自然, 本性, 性格, 性质\n[医] 自然, 大自然; 本性, 性能",zk gk cet4 cet6 ky ielts
near,"a. 近的, 近亲的, 近似的\nadv. 接近, 亲近\nprep. 靠近, 近似于\nv. 接近, 走近",zk gk
nearly,"adv. 几乎, 密切地",zk gk toefl
neat,"a. 整洁的, 巧妙的, 匀称的, 简洁的\nn. 牛",gk cet4 cet6 ky toefl ielts
necessary,a. 必要的；必然的；必需的,zk gk
necessity,"n. 需要, 必需品, 必然\n[法] 必要性, 必然性, 必要",cet4 cet6 ky toefl
necklace,n. 项链,gk cet4 cet6 ky
needy,"a. 贫穷的, 贫困的, 生活艰苦的",toefl gre
network,"n. 网络, 广播网, 网状物\n[计] 网络",gk cet4 cet6 ky ielts
news,"n. 新闻, 消息, 报导\n[法] 新闻, 消息, 新闻报导",zk gk
newsletter,"n. 时事通讯, 业务通讯, 时事传报\n[法] 时事通讯, 时事信札",
newspaper,n. 报纸,zk gk ielts
newsstand,"n. 报摊, 报刊出售处",toefl
nice,"a. 美好的, 和蔼的, 正派的, 做得好的, 精密的, 细微的, 挑剔的, 谨慎的",zk gk gre
noisy,"a. 嘈杂的, 喧闹的\n[机] 噪声的, 嘈杂的",gk cet4 cet6 ky toefl ielts
nominate,"vt. 提名, 任命, 命名\n[法] 提名...为候选人, 指定, 推荐",cet6 ky toefl ielts gre
nomination,"n. 提名, 任命, 提名权",
none,"adv. 一点也不, 毫不\npron. 没有人, 无一物, 并无一个\na. 没有的",zk gk
noon,"n. 正午, 中午, 全盛期",zk gk
nor,"conj. 也不, 也没有\n[计] 或非",zk gk
normal,"n. 常态, 标准, 正常, 普通\na. 正常的, 正规的, 标准的, 师范的, 正态的\n[计] 标准, 普通",zk gk cet4 cet6 ky toefl ielts
note,"n. 笔记, 记录, 注解, 票据, 符号, 显要, 注重, 便笺, 照会\nvt. 记录, 注解, 注意",zk gk toefl
notice,"n. 注意, 布告, 通知, 预告, 短评\nvt. 注意, 通知, 评论, 提及, 关注\nvi. 注意",zk gk cet4 cet6 ky toefl ielts
notify,"vt. 通知, 通告, 报告\n[计] 通知",cet4 cet6 ky ielts
now,"adv. 现在, 刚才, 目前\nn. 现在\na. 现在的\nconj. 由于",zk gk
number,"n. 数, 数字, 数目, 号码\nvt. 数, 计算, 共计\nvi. 计算, 报数\n[计] 数字",zk gk
nutrition,"n. 营养, 营养学\n[医] 营养, 营养品",gk cet6 ky toefl ielts gre
object,"n. 物体, 目标, 目的, 对象, 宾语, 客体\nvi. 反对, 抱反感\nvt. 提出...来反对\n[计] 对象",zk gk cet4 cet6 ky ielts
obligate,"vt. 使负义务, 强使, 使感激, 施恩惠于\na. 有责任的, 必须的",
oblige,"vt. 强制, 施恩惠于, 使感激\nvi. 施恩惠, 帮忙",cet4 cet6 ky toefl ielts gre
obtain,"vt. 获得, 达到\nvi. 流行, 得到公认",gk cet4 cet6 ky toefl
obviously,"adv. 显而易见地, 明显地",cet4 cet6
occupancy,"n. 占有, 居住, 占用\n[法] 占据, 据有, 占用",
occupant,"n. 占有者, 居住者, 占用者",toefl
occupation,"n. 职业, 占有, 占有期, 占领, 占领军\n[经] 占有, 占用, 职业",gk cet4 cet6 ky toefl ielts gre
occur,"vi. 发生, 被想到, 存在",gk cet4 cet6 ky toefl ielts
occurrence,"n. 发生, 事件, 出现\n[医] 发生",cet4 cet6 ky toefl ielts gre
offer,"n. 给予(物), 出价, 提议, 意图, 报价\nvt. 提供, 出价, 奉献, 试图, 使出现, 演出\nvi. 出现, 献祭, 提议, 求婚",zk gk cet4 cet6 ky toefl ielts
office,"n. 办公室, 部, 公职, 职责\n[化] 办公室",zk gk ielts
officer,"n. 军官, 主管, 官员, 公务员\nvt. 指挥",zk gk cet4 cet6 ky ielts
official,"n. 官员, 公务员, 职员\na. 公务的, 官方的, 正式的",gk cet4 cet6 ky toefl
officially,"adv. 作为公务员, 职务上, 官方地",
oil,"n. 油, 石油, 油画颜料\nvt. 涂油于, 使融化成油状, 加油于\nvi. 加燃油, 融化",zk gk cet4 ky ielts
okay,"a. 好, 可以, 行, 对, 好吗, 很好\nadv. 好, 可以, 行, 对, 好吗, 很好\nn. 同意, 签认, 批准, 认可\nvt. 同意, 签认, 批准, 认可",cet4 ky
omit,"vt. 省略, 删除, 疏忽, 遗漏\n[化] 省略",cet4 cet6 ky toefl ielts gre
ongoing,"a. 前进的, 进行的, 不间断的\nn. 前进, 发展",toefl ielts
operate,"v. 操作, 运转, 动手术, 活动",gk cet4 cet6 ky toefl
operation,"n. 操作, 动作, 手术, 运算, 作用, 业务\n[计] 运算",zk gk cet4 cet6 ky
operational,"a. 操作的, 运作的\n[法] 操作上的, 业务上的, 可起作用的",cet4 cet6 ky
opinion,"n. 意见, 评价, 主张\n[经] 意见",gk cet4 cet6 ky toefl ielts
opportunity,"n. 机会, 时机",cet4 cet6 ky toefl ielts
opt,vi. 选择,ky ielts
optimistic,"a. 乐观的, 乐观主义的, 乐天的",gk cet4 cet6 ky toefl
option,"n. 选择权, 挑选, 选项\n[计] 选项",cet4 cet6 ky toefl ielts
optional,"a. 可选择的, 随意的\n[化] 选购的",gk cet4 cet6 ky toefl ielts gre
orchestra,"n. 管弦乐队, 乐队演奏处",cet4 cet6 ky toefl ielts gre
order,"n. 次序, 规则, 命令\nvi. 命令, 定货\nvt. 整理, 命令, 定购\nn. 顺序, 阶数\n[计] 顺序, 阶数",zk gk ielts
organization,"n. 组织, 结构, 团体, 体制\n[医] 组织, 机构, 机化(血栓或坏死组织)",gk cet4 cet6 ky ielts
organizational,"a. 组织的\n[法] 组织的, 编制的, 机构的",
organize,"vt. 组织, 有机化, 给予生机\nvi. 组织起来",cet4 cet6 ky
organizer,"n. 组织者, 编制者, 创立者, 组织导体\n[医] 组织导体, 机化中心(胚)",ielts
orientation,"n. 定方位, 适应, 向东方\nn. 方向\n[计] 方向",cet6 ky toefl ielts
original,"a. 最初的, 原始的, 有创意的\nn. 原物, 原作",cet4 cet6 ky toefl ielts gre
outage,"n. (水、电、煤)断供, 储运损耗\n[化] (蓄水池为了水膨胀)预留的容量; 排出量",
outdated,"a. 旧式的, 落伍的, 过时的",toefl ielts
outdoor,"a. 户外的, 屋外的, 露天的",cet4 cet6 ky
outfit,"n. 用具, 配备, 机构\nvt. 配备, 供应\nvi. 得到装备",ky toefl ielts
outlet,"n. 出口, 发泄方法, 市场\n[医] 出口",cet4 cet6 ky toefl ielts gre
outlook,"n. 观点, 景色, 前途, 了望\n[经] 展望",cet4 cet6 ky toefl
outside,"n. 外面, 外表, 外界\na. 外面的, 外表的, 外界的\nadv. 外面, 外表, 外界",zk gk
outstanding,"a. 杰出的, 突出的, 未偿付的, 未决定的\n[经] 未解决的, 未偿付",gk cet4 cet6 ky toefl
oval,"n. 椭圆形\na. 卵形的, 椭圆形的",gk cet4 cet6 ky toefl ielts
oven,"n. 烤箱, 灶, 子宫\n[化] 烘箱",cet4 cet6 ky toefl
overcharge,"v. 讨价过高, 装载过多, 过度充电, 渲染\nn. 超载, 装药过多, 过度充电",toefl
overcrowd,"vt. 容纳过多的人, 使过度拥挤",
overdue,"a. 过期的, 未兑的, 迟到的, 早就成熟的\n[经] 过期未付的",cet4 toefl ielts gre
overhead,"n. 经常开支, 普通用费, 天花板\na. 在头上的, 高架的\nadv. 在头顶上, 在空中, 在高处, 从头到脚全部没入地\n[计] 总开销; 额外开销",gk cet4 cet6 ky ielts
overlook,"vt. 俯瞰, 远眺, 没注意到\nn. 眺望, 俯瞰到的景色",gk cet4 cet6 ky toefl ielts gre
overnight,"n. 前一天晚上, 一夜的逗留\na. 通宵的, 晚上的, 前夜的\nadv. 在前一夜, 整夜, 昨晚一晚上",cet4 cet6 ky
overpay,"vt. 多付, 多给报酬\nvi. 付得过多",
oversee,"vt. 向下看, 了望, 监督, 偷看到\n[法] 监察, 监督, 俯瞰",toefl ielts gre
overtime,"n. 超时, 加班, 延长时间\na. 超时的, 加班的\nadv. 加班地\nvt. 使超过时间",cet4 cet6 ky toefl
overview,"n. 概述, 概观, 总的看法\n[计] 概述",
packet,"n. 小包, 一批信件, 大量, 信息包\nvt. 打包, 装进小包\n[计] 分组, 分组报文, 数据分组",gk cet4 cet6 ky
pad,"n. 填补, 衬垫, 印色盒, 路\nvt. 填补, 走, 夸大\nvi. 步行\n[计] 焊接点; 包装配/拆卸",cet4 cet6 ky ielts
page,"n. 页, 记录, 事件, 专栏, 男侍\nvt. 标明...的页数, 翻...的书页, 分页排版, 呼叫, 侍候\nvi. 翻书页, 侍侯\n[计] 页; 页面",zk gk
paint,"n. 油漆, 颜料, 绘画作品, 涂漆\nvt. 油漆, 绘, 画, 描绘, 装饰, 点缀\nvi. 绘画, 涂漆",zk gk cet4 ky
painter,"n. 画家, 油漆匠\n[机] 油漆匠, 喷漆匠",gk cet4 ky
pamphlet,"n. 小册子, 活页文选",cet6 ky toefl ielts gre
pan,"n. 平锅, 浅盘, 盆地, 硬土层, 拍摄全景\nv. 上下左右移动, 摇镜头, 淘洗, 淘金",gk cet4 cet6 ky gre
pant,"n. 喘息, 悸动\nvi. 喘息, 渴望\nvt. 气喘吁吁地说",cet4 cet6 ky ielts
paper,"n. 纸, 文件, 文章, 报纸, 证券, 证件\nvt. 用纸糊, 贴壁纸于, 用纸包装\nvi. 贴壁纸\na. 纸做的, 纸上的",zk gk ielts
paperback,"n. 平装本, 纸面本",ky
paperwork,n. 文书工作,gk
parade,"n. 游行, 炫耀, 阅兵\nv. 游行, 炫耀, (使)列队行进",cet4 cet6 ky toefl ielts
paralegal,[法] 律师的专职助手,
paraphrase,"n. 释义, 解述, 改写\nvt. 改写, 解述\nvi. 释义, 意译",toefl ielts gre
parcel,"n. 包裹, 部分, 片\nvt. 分配, 打包\na. 部分的\nadv. 局部地",gk cet4 cet6 ky ielts
parent,"n. 父母, 父母亲, 根源\n[法] 父亲, 母亲, 根源",zk gk ielts
park,"n. 公园, 停车处\nvt. 停车, 置于\nvi. 停车",zk gk ielts
partial,"a. 部分的, 偏袒的, 偏爱的\nn. 分音",cet4 cet6 ky toefl ielts gre
partially,"adv. 部分地, 一部分地, 不公平地",cet4 cet6 toefl
particular,"n. 一项(或条、点), 个别项目, 详细说明\na. 特别的, 独有的, 挑剔的, 详尽的",gk cet4 cet6 ky gre
particularly,"adv. 特别, 格外, 尤其, 详细地, 细致地",cet4 cet6
party,"n. 宴会, 党, 政党, 团体, 当事人, 聚会\nv. 举办聚会",zk gk toefl ielts
pass,"n. 经过, 要隘, 途径, 通行, 护照, 及格\nvt. 经过, 越过, 通过, 批准, 度过, 传递, 忽略\nvi. 经过, 变化, 流通, 及格, 宣判, 终止, 消逝, 被忽略, 不叫牌, 传递\n[计] 遍",zk gk ielts
passport,"n. 护照, 手段, 通行证\n[法] 通行证, 护照",zk gk ielts
password,"n. 密码, 口令, 通行手段\n[计] 口令",
past,"n. 过去, 昔时, 往事, 早年经历, 过去时\na. 过去的, 结束的, 卸任的, 过去时的\nprep. 越过, 晚于, 超越, 超出...的可能性(能力、范围等)\npass的过去分词",zk gk
pasta,"n. 意大利面食\n[医] 糊剂, 泥膏剂",
pastry,"n. 油酥点心, 面粉糕饼",gre
patent,"n. 专利权, 许可证, 执照, 专利品, 素质\na. 专利的, 特许的, 显著的, 新奇的\nvt. 取得...的专利权, 请准专利",gk cet6 ky toefl ielts gre
patience,"n. 耐性, 忍耐",gk cet4 cet6 ky toefl
patient,"n. 病人, 承受者\na. 忍耐的, 容忍的, 有耐性的, 坚忍的",zk gk cet4 cet6 ky
patron,"n. 赞助人, 顾客, 保护人\n[法] 保护人, 庇护人, 赞助人",cet6 ky toefl ielts
pattern,"n. 模范, 典型, 式样, 样品, 图案, 格调, 模式\nvt. 模仿, 仿造, 以图案装饰\nvi. 形成图案\n[计] 模式, 图案",gk cet4 cet6 ky ielts
pause,"n. 暂停, 中止, 停顿, 间歇, 踌躇, 休止符\nvi. 暂停, 中止, 停顿, 踌躇\n[计] DOS内部命令:暂时停止批处理文件的执行",gk cet4 cet6 ky
payable,"a. 可付的, 到期的, 应付的, 有利益的\n[经] 应付的",ielts
paycheck,"n. 付薪水的支票, 薪水",toefl
payroll,"n. 工资名单, 饷金名单, 发放的工资总额\n[计] 工资表, 工资单",
pedestrian,"n. 行人, 步行者\na. 人行的, 徒步的, 呆板的, 通俗的, 平淡无奇的",gk cet6 ky ielts gre
penalize,"vt. 处刑, 对...处罚(刑), 使不利\n[法] 处罚, 对...处以刑事惩罚",gre
pepper,"n. 胡椒粉, 胡椒, 辣椒\n[化] 胡椒; 辣椒; 花椒",gk cet4 cet6 ky
per,"prep. 每一, 通过, 经, 按照\n[经] 每, 按照",gk ielts
percent,"n. 百分比, 百分数, 部分\n[机] 百分率",zk gk cet4 cet6 ky ielts
perform,"vt. 进行, 履行, 完成, 执行, 表演\nvi. 行动, 工作, 执行, 演出",gk cet4 cet6 ky toefl
performance,"n. 施行, 工作情况, 成绩, 行为, 表现, 演出\n[电] 绩效, 性能",gk cet4 cet6 ky toefl ielts
performer,"n. 表演者, 执行者, 完成者\n[法] 执行者, 履行者, 实行者",gk toefl
perhaps,"adv. 也许, 大概",zk gk cet4 cet6 ky
period,"n. 时期, 节段, 节, 句点, 学时, 周期\na. 当时特有的, 过去某段时期的\ninterj. 就是这话, 就是这么回事",zk gk cet4 cet6 ky toefl ielts
periodical,"n. 期刊\na. 定期出版的, (有关)期刊的, 间歇(性的), 周期的, 定期的",cet6 ky toefl ielts gre
periodically,"adv. 定期, 循环, 间歇, 周期, 定期刊行, 期刊",ielts
permanently,"adv. 永久, 不变, 持久\n[计] 永久性的",cet4 cet6
personal,"a. 私人的, 涉及隐私的, 有人性的, 人称的, 亲自的, 身体的\n[医] 人的; 个人的, 自身的",zk gk cet4 cet6 ky ielts
personalize,"vt. (贬)使个人化, 体现, 使人格化, 在(物品)上标明姓名/标出地址/标出记号",
pet,"n. 宠物, 受宠爱的人, 宠坏的孩子, 不悦, 生气\na. 宠爱的, 表示亲昵的, 养着观赏的, 特别珍爱的, 格外的\nvt. 宠爱, 溺爱, 抚摸\nvi. 拥抱, 爱抚, 生气, 发脾气",zk gk cet4 cet6 ky toefl ielts
petition,"n. 请愿, 诉状, 陈情书, 申请, 祈求, 祷文\nv. 正式请求, 恳求, 请愿",cet6 ky toefl ielts gre
pharmaceutical,"a. 药学的, 制药的, 药用的, 药物的, 药剂师的, 药师的\nn. 药品, 成药, 药剂",ielts gre
pharmacist,"n. 药师, 药品商, 药商, 药剂师\n[医] 药师, 调剂员, 药商",
pharmacy,"n. 药房, 配药学, 制药业\n[医] 药学, 药剂学, 调剂学, 药房",ky ielts
phone,"n. 电话, 受话器, 耳机\nvt. 打电话给\nvi. 打电话",zk cet4 ky ielts
photocopier,"n. 影印机, 摄影复制机",
photocopy,"n. 影印, 复印件\nv. 影印",ielts
photographer,"n. 摄影师, 摄影者",gk
photography,"n. 摄影, 摄影术\n[化] 照相术",cet6
physician,"n. 医师, 内科医师, 解除痛苦者\n[医] 主治医师",gk cet4 cet6 ky toefl ielts
physics,"n. 物理学, 物理过程, 物理现象\n[化] 物理; 物理学",zk gk cet4 cet6 ky
pick,"n. 精选, 选择, 掘, 精华, 牙签, 鹤嘴锄\nv. 摘, 掘, 凿, 挖, 挑选\n[计] 拾取",zk gk ielts
picnic,"n. 野餐, 远足, 愉快的经历\nvi. 去野餐, 远足",zk gk cet4 ky ielts
picture,"n. 图画, 照片, 景色, 美丽如画的人(或物), 化身, 生动的描述, 想像, 形象思维\nvt. 画, 拍摄, 用图说明, 描写, 想像\n[计] 图象; 形象; 字形",zk gk ielts
pie,"n. 馅饼, 财富, 总额, 贪污受贿, 杂乱, 喜鹊\n[计] 饼图",zk gk cet4 ky ielts
piece,"n. 块, 片, 篇, 碎片, 部分, 部件, 标准量\nvt. 修补, 修理, 拼合, 接线头\nvi. 吃零食",zk gk
pill,"n. 药丸, 弹丸, 屈辱, 胡说\nv. 做成药丸, 形成丸状, 服药丸, 挫败, 抢劫",gk cet4 cet6 ky toefl
pillow,"n. 枕头, 靠垫, 枕状岩\nvt. 作...的枕头, 垫, 枕于\nvi. 靠在枕上",gk cet4 cet6 ky toefl ielts
pizza,n. 比萨饼,
placement,"n. 放置, 布置, 工作安排, 编班, 定位球\n[计] 放置",ielts
plan,"n. 计划, 方案, 策略, 方法, 进度表, 程序表, 平面图, 设计图, 轮廓, 示意图\nvt. 计划, 设计, 意欲\nvi. 订计划",zk gk ielts
planner,"n. 计划者, 设计者, 安排者\n[机] 刨床机",ielts
plant,"n. 植物, 作物, 工厂, 树枝, 生长, 设施, 成套设备\nvt. 种植, 栽培, 播种, 培养, 安置, 殖民于, 使位于\nvi. 种植",zk gk ielts
plausible,"a. 貌似真实的, 貌似合理的, 说得煞有其事的\n[法] 花言巧语的, 似乎有理的",cet6 ky toefl ielts gre
player,"n. 竞赛者, 上场队员, 游戏者, 演员\n[经] 交易者",gk cet4 cet6 ielts
please,"adv. 请\nvt. 使高兴, 合...的心意, 取悦\nvi. 使人满意, 讨好, 愿意, 敬请",zk gk
plow,"n. 犁\nv. 犁, 耕",toefl
plug,"n. 塞子, 栓, 插头\nvt. 插入, 塞住, 接插头\nvi. 被塞住",gk cet4 cet6 ky ielts
plumber,n. 水管工人\n[法] 堵漏防漏人员,ky toefl gre
pole,"n. 波兰人, 极点, 磁极, 电极, 杆, 竿, 相反的极端\nvt. 用竿支撑\nvi. 撑篙",gk cet4 cet6 ky toefl ielts
police,"n. 警察, 警察当局, 治安\nvt. 维持治安, 管辖",zk gk cet4 ky ielts
policy,"n. 政策, 方针, 策略, 保险单\n[医] 凭单, 保险单",zk gk cet4 cet6 ky ielts
polish,"a. 波兰的\nn. 波兰人, 上光剂, 光泽, 优雅\nvt. 擦亮, 擦去, 使完美\nvi. 擦亮, 变得光亮",gk cet4 cet6 ky toefl ielts gre
polite,"a. 有礼貌的, 文雅的, 客气的, 有教养的",zk gk
political,"a. 政治的, 政治上的, 政党的, 从事政治的\n[法] 政治的, 政治上的, 党派政治的",gk cet4 cet6 ky ielts
pollute,"vt. 污染, 弄脏, 玷污\n[化] 污染",gk cet4 cet6 ky toefl
poor,"a. 贫穷的, 贫乏的, 不幸的, 可怜的, 拙劣的, 卑鄙的\n[经] 低劣的, 不良的",zk gk
poorly,"adv. 贫穷地, 不充分地, 贫乏地\na. 身体不舒服的",
popcorn,n. 爆米花,gk toefl
popular,"a. 通俗的, 流行的, 受欢迎的, 大众的, 人民的, 普及的\n[经] 大众的, 通俗的, 普及的",zk gk cet4 cet6 ky toefl ielts
popularity,"n. 名声, 受大众欢迎, 流行",cet6 toefl
population,"n. 人口, 人口数\n[化] 群体; 总体",zk gk cet4 cet6 ky ielts
portable,"a. 可携带的, 可搬运的, 可移动的\n[计] 可移植的",gk cet4 cet6 ky toefl ielts gre
portfolio,"n. 皮包, 公文包, 部长职务, 有价证券财产目录, 艺术代表作选辑\n[法] 公文包, 文件夹, 阁员职务",ielts gre
position,"n. 位置, 地位, 身分, 形势, 姿势, 立场, 职位, 状态, 阵地\nvt. 安置, 决定...的位置\n[计] 位置",zk gk cet4 cet6 ky ielts
positive,"a. 肯定的, 积极的, 有把握的\n[医] 正的, 阳性的",cet4 cet6 ky toefl ielts
possibility,"n. 可能性, 可能的事\n[法] 可能性, 可能发生的事, 不确定权",gk cet4 cet6 ky
possible,"a. 可能的, 潜在的, 合适的\nn. 可能性, 可能的事物",zk gk
post,"n. 柱, 杆, 准星, 邮件, 邮政, 标竿, 职位, 岗位, 哨所, 兵营\nvt. 张帖, 邮递, 公布, 登入帐, 使熟悉, 布置\nvi. 快速行进\nadv. 急速地\n[计] 记入; 登记, 上电自检",zk gk toefl ielts
postage,"n. 邮资\n[经] 邮费, 邮资",gk cet4 cet6 ky toefl ielts
postal,"a. 邮政的, 邮局的\n[经] 邮政的",cet6 toefl
postcard,n. 明信片,zk gk ky toefl
poster,"n. 海报, 招贴, 驿马",gk cet6 ky toefl ielts gre
postpone,"vt. 延迟, 使延期, 缓办, 搁延\nvi. 延缓, 延缓发作",gk cet4 cet6 ky toefl ielts gre
potential,"n. 潜在性, 可能性, 潜力, 潜能, 势, 位\na. 有潜力的, 可能的, 潜在的",gk cet4 cet6 ky toefl ielts gre
pottery,"n. 陶器, 陶器厂\n[化] 陶器",toefl ielts gre
pound,"n. 磅, 英镑, 重击, 鱼塘, 拘留所, 兽栏\nvt. 强烈打击, 捣烂, 监禁, 关入栏内\nvi. 连续重击, 苦干",zk gk cet4 cet6 ky toefl
practice,"n. 实践, 练习, 实行, 惯例, 习惯, 开业\nv. 实践, 实行, 练习, 实习, 业务",zk gk ielts
precede,"vt. 在...之前, 优于, 较...优先\nvi. 在前面",cet6 ky toefl gre
prediction,"n. 预言, 预报\n[化] 预测",cet6 toefl
prefer,"vt. 宁可, 较喜欢, 提出\n[法] 给予优先权, 优先偿还, 提出",gk cet4 cet6 ky
preliminary,"n. 初步做法, 初步措施, 预试, 预选赛\na. 初步的, 开始的, 预备的",cet4 cet6 ky toefl ielts gre
premium,"n. 额外补贴, 奖金, 奖赏, 保险费\n[医] 保险费",cet6 ky toefl ielts gre
prepare,"vt. 准备, 筹备, 使在思想上有准备, 制造, 调制\nvi. 预备",zk gk cet4 cet6 ky ielts
prescribe,"v. 规定, 指定, 嘱咐, 开处方",cet4 cet6 ky toefl ielts gre
prescription,"n. 处方, 命令, 指定\n[医] 处方, 药方",gk cet6 ky toefl ielts gre
present,"n. 现在, 礼品, 瞄准\na. 现在的, 出席的\nvt. 介绍, 引见, 赠送, 提出, 呈现, 上演\nvi. 举枪瞄准",zk gk ielts
presenter,"n. 节目主持人, 奉献者, 提出者\n[法] 告发者, 提出者, 推荐者",gre
president,"n. 总统, 总裁, 董事长, (学院)院长, (大学)校长, 主管人, 主持人\n[经] 总经理, 董事长, 总裁",zk gk cet4 cet6 ky
press,"n. 压, 揿, 按, 人群, 印刷机, 压力, 出版社, 记者, 报刊, 新闻舆论, 紧迫\nvt. 压, 压榨, 紧抱, 逼迫, 推进, 强迫征募, 催逼\nvi. 压, 重压, 催促, 拥挤, 奋力前进, 受压",gk cet4 cet6 ky gre
pressure,"n. 压, 榨, 按, 强制, 压力, 压迫, 压强\nvt. 迫使, 使增压, 密封",gk cet4 cet6 ky toefl ielts
prestigious,a. 享有声望的,ky toefl ielts gre
pretty,"a. 漂亮的, 优美的, 机灵的, 狡猾的, 恰当的\nadv. 相当, 颇",zk gk cet4 cet6 ky
preview,"n. 事先查看, 预览\nvt. 事先查看, 预演\n[计] 预览",gk gre
previous,"a. 早先的, 前面的, 过急的\n[法] 以前的, 生前的, 前述的",cet4 cet6 ky toefl ielts gre
price,"n. 价格, 代价, 价值\nvt. 定...的价格",zk gk ielts
private,"a. 私人的, 秘密的, 私立的, 隐蔽的\nn. 士兵, 隐士, 阴部\n[计] 私人的",zk gk cet4 cet6 ky toefl ielts
probable,"a. 很可能的, 大概的, 可信的\nn. 很有希望的候选人, 很可能的事情",gk cet4 cet6 ky
probably,"adv. 大概, 或许",zk gk cet4 cet6
problem,"n. 问题, 难题\na. 成问题的, 难处理的",zk gk
process,"n. 程序, 进行, 过程\nvt. 加工, 使...接受处理, 对...处置, 对...起诉\na. 经加工的, 有特殊光效的\n[计] 进程",gk cet4 cet6 ky toefl ielts
produce,"n. 生产品, 物产, 后代\nvt. 产生, 生产, 提出, 出示\nvi. 生产, 制造",zk gk cet4 cet6 ky toefl gre
product,"n. 产品, 结果, 乘积\n[化] 生产物",gk cet4 cet6 ky ielts
production,"n. 制造, 生产, 产物\n[医] 产生, 生成",gk cet4 cet6 ky ielts
productive,"a. 能生产的, 有生产价值的, 多产的\n[医] 产出性的, 产生性的",cet4 cet6 ky toefl ielts
productivity,"n. 生产力\n[经] 生产率, 生产能力",cet6 ky ielts gre
professional,"n. 专业人才\na. 专业的, 职业的",cet4 cet6 ky toefl ielts
professionally,adv. 专业地；内行地,
proficiency,"n. 精通, 熟练, 精练",cet6 ky toefl ielts
profit,"n. 利润, 赢利, 利益\nvi. 有益, 获利, 赚钱\nvt. 有益于",gk cet4 cet6 ky toefl ielts
profitable,"a. 有利润的, 有利益的, 赚钱的\n[经] 有利(可图)的, 合算的",cet4 cet6 ky
program,"n. 节目, 节目单, 程序, 纲要, 大纲, 计划\nvt. 规划, 拟...计划\nvi. 安排节目, 编程序\n[计] 程序",cet4 cet6 ielts
programmer,n. 程序员\n[计] 程序设计员; 程序员,
prohibit,"vt. 禁止, 阻止\n[经] 禁止",gk cet4 cet6 ky toefl ielts
project,"n. 计划, 设计, 事业\nvt. 计划, 设计, 投掷, 发射, 使凸出, 放映\nvi. 凸出",gk cet4 cet6 ky toefl ielts
projection,"n. 发射, 计划, 突出部分, 设计, 推测\n[计] 投影",toefl gre
projector,"n. 计划人, 发起人, 规划人, 放映机, 映画器, 幻灯机, 幻灯, 探照灯, 发射器\n[计] 投影仪",cet6 ky toefl ielts gre
prominent,"a. 卓越的, 显著的, 突出的, 凸出的",cet4 cet6 ky toefl ielts gre
promise,"n. 诺言, 约定的事情, 有指望\nvt. 允诺, 约定, 预示\nvi. 允诺, 有前途, 有指望",zk gk cet4 cet6 ky toefl ielts
promotional,a. 增进的,
promptly,"adv. 敏捷地, 迅速地",cet6
proofread,"vt. 校正, 校对",toefl gre
property,"n. 财产, 所有权, 性质, 属性\n[计] 属性",cet4 cet6 ky toefl ielts
proposal,"n. 提议, 计划, 求婚\n[经] 提案, 申请, 投标",cet4 cet6 ky toefl gre
propose,"vt. 计划, 打算, 建议, 提议, 求(婚)\nvi. 打算, 求婚",cet4 cet6 ky toefl ielts
prospective,"a. 预期的, 将来的\n[经] 预期的, 未来的",cet6 ky toefl ielts
protect,"vt. 防卫, 保护, 警戒\n[法] 庇护, 保护, 警戒",zk gk cet4 cet6 ky
protective,"a. 给予保护的, 保护的\n[医] 保护的, 防护的, 保护剂, 保护物, 油绸",cet4 cet6
prove,"vt. 证明, 查验, 检验, 勘探, 显示\nvi. 证明是",zk gk cet4 cet6 ky
provider,"n. 供应者, 供养人, 伙食承办人\n[计] 提供器",
publicity,"n. 名声, 宣传, 公开场合\n[经] 宣传, 广告",cet6 ky toefl ielts
publicize,vt. 宣传,ky toefl gre
publish,"vt. 出版, 发行, 公开, 发表, 宣传, 公布\nvi. 出版, 发行",gk cet4 cet6 ky
pull,"vt. 拉, 拖, 拔, 牵, 撕开, 吸引\nvi. 拉, 拖, 拔, 有吸引力\nn. 拉, 拖, 拔, 拉力, 牵引力, 划船, 吸引",zk gk toefl ielts
punctual,"a. 准时的, 守时的, 点状的, 中肯的\n[经] 准时的, 不误期的, 准时",gk cet4 cet6 ky toefl ielts
purchase,"n. 购买, 购买品, 紧握, 绞辘\nvt. 购买, 赢得, 努力取得, 用滑轮起(锚等)",gk cet4 cet6 ky toefl gre
purchaser,"n. 买方, 购买者\n[经] 买主, 购买人",
purpose,"n. 目的, 意向, 决心, 用途, 效果, 论题\nvt. 意欲, 企图, 计划",zk gk cet4 cet6 ky ielts
purse,"n. 钱包, 小钱袋, 金钱, 募捐款, 囊状物\nv. 缩拢, 皱起",zk gk cet4 cet6 ky ielts gre
purser,"n. 事务长\n[经] 会计员, 出纳员, 事务长",
push,"n. 推, 推动, 奋斗, 攻击, 进取心\nvt. 推, 推动, 使伸出, 推行, 逼迫, 增加\nvi. 推, 推进, 增加, 努力争取",zk gk
puzzle,"n. 难题, 迷惑\nvt. 使困惑, 使为难\nvi. 迷惑, 苦思",gk cet4 cet6 ky toefl ielts
quality,"n. 品质, 特性, 才能, 质量\na. 优质的\n[计] 品质",gk cet4 cet6 ky toefl ielts
quarter,"n. 四分之一, 一刻钟, 季度, 地区\nvt. 四等分, 肢解\nvi. 驻扎, 住宿",zk gk toefl ielts
quarterly,"a. 季度的, 按季度的, 每季的\nadv. 按季, 每三个月, 每季一次\nn. 季刊",cet4 cet6 ky toefl ielts
query,"n. 疑问, 疑问号, 质问, 查询\nv. 询问, 质问\n[计] 查询",toefl gre
question,"n. 问题, 询问\nv. 询问, 审问, 怀疑\n[计] 询问",zk gk
questionnaire,"n. 调查表, 问卷\n[经] 调查表",gk cet6 ky toefl ielts
quickly,adv. 很快地,
quit,"vi. 离开, 辞职, 停止\nvt. 离开, 放弃, 使解除, 停止\nn. 离开\n[计] 结束, 退出",gk cet4 cet6 ky ielts
quite,"adv. 相当, 完全, 十分",zk gk
race,"n. 种族, 人种, 赛跑, 比赛, 急流, 人类, 同道, 姜根\nvi. 赛跑, 竞赛, 疾走\nvt. 与...赛跑, 使疾走, 使猛转\n[计] 竞争; 追赶; 欧州高级通信研究开发计划",zk gk cet4 cet6 ky toefl
rack,"n. 架, 行李架, 饲草架, 搁物架, 痛苦, 折磨, 齿条, 行云团\nvt. 把...放在架上, 在架上制作, 折磨, 使痛苦, 压榨, 榨取, 猛烈撕拉, 拷问\nvi. 变形, 倾斜, (云)随风飘, (马)小步跑\n[计] 机架",cet4 cet6 ky toefl ielts
railway,"n. 铁路, 轨道\n[经] 铁路",zk gk ielts
raincoat,n. 雨衣,zk gk ielts
rainfall,"n. 降雨, 降雨量\n[经] 降雨量",gk toefl ielts
rainy,"a. 下雨的, 多雨的",zk gk cet4 cet6
raise,"n. 上升, 高地, 增高\nvt. 升起, 举起, 唤起, 提高, 使出现, 使复活, 提出, 筹集, 饲养",zk gk toefl
range,"n. 排, 行, 山脉, 范围, 行列, 射程\nvt. 排列, 归类于, 使并列, 放牧\nvi. 平行, 延伸, 漫游\n[计] 量程; 范围; 域; 距离",gk cet4 cet6 ky toefl ielts
rate,"n. 比率, 率, 速度, 价格, 费用, 等级\nvt. 估价, 认为, 鉴定等级, 责骂\nvi. 被评价, 责骂",gk cet4 cet6 ky ielts
rather,"adv. 宁可, 稍微, 相当",zk gk cet4 cet6 ky
ray,"n. 光线, 射线, 闪烁, 光辉\nvi. 射出光线, 浮现, 放射光线\nvt. 放射, 显出",gk cet4 cet6 ky toefl
reach,"n. 伸出, 延伸, 区域, 范围, 流域, 岬\nvt. 到达, 达到, 伸出, 延伸, 影响\nvi. 达到, 延伸, 伸出手, 传到",zk gk cet4 cet6 ky
ready,"n. 预备好的状态, 现款\na. 准备好的, 备用的, 可以使用的\nadv. 预先, 迅速\nvt. 使准备好",zk gk toefl gre
realistic,"a. 现实的, 逼真的, 现实主义的, 实在论的",cet6 ky
realize,"vt. 了解, 实现, 使显得逼真, 变卖\nvi. 变卖",cet4 cet6 toefl
realtor,n. 房地产经纪人\n[法] 房地产经纪人,
rearrange,"vt. 再排列, 重新整理\n[计] 重新排列; 重新整理",toefl
reassure,"vt. 使...安心, 向...再保证\n[法] 重新保证, 再保险, 使清除疑虑",cet6 ky toefl ielts
rebate,"n. 部分退款, 折扣\nvt. 退还, 打折扣\nvi. 退还部分付款",toefl gre
receipt,"n. 收据, 收入, 收到\nvt. 开...的收据",gk ielts gre
receive,"vt. 收到, 接到, 得到, 接待, 迎接, 承受\nvi. 收到, 会客\n[计] 接收",zk gk
recent,"a. 最近的, 近代的, 最新的\n[经] 最近的, 新进的",zk gk cet4 cet6 ky toefl
recently,adv. 最近,cet4 cet6 toefl
reception,"n. 接待, 接受, 招待会\n[医] 接受, 感受",gk cet4 cet6 ky toefl ielts
receptionist,n. 接待员,gk toefl ielts
recession,"n. 后退, 凹处, 衰退, 归还\n[医] 退缩",cet6 ky toefl ielts gre
recipe,"n. 食谱, 处方, 秘诀\n[医] 取(处方头语), 处方",gk cet6 ky toefl ielts gre
recipient,"a. 领受的, 容易接受的, 感受性强的\nn. 领受者, 容纳者, 容器",cet6 ky toefl ielts gre
recognize,"vt. 认出, 认可, 承认, 公认, 识别, 赏识\nvi. 承认, 具结",cet4 cet6 ky toefl
recommend,"vt. 推荐, 介绍, 劝告, 使受欢迎, 托付\n[经] 建议, 推荐",gk cet4 cet6 ky toefl
reconsider,"v. 再考虑, 重新考虑",
record,"n. 记录, 履历, 档案, 审判记录, 最高纪录, 唱片\nvt. 记录, 记载, 标明, 将...录音\nvi. 记录, 录音, 可被录音\na. 创纪录的\n[计] 录制, 记录",zk gk cet4 cet6 ky ielts
recreation,"n. 娱乐, 消遣, 休息, 再创造\n[医] 娱乐, 休养",gk cet4 cet6 ky toefl ielts
recreational,"a. 消遣的, 娱乐的",toefl
recruiter,"n. 招聘人员, 征兵人员",
recruitment,"n. 新兵征召\n[医] 募集[反应], 募集[现象](生理), 复聪(耳科)",cet6
recur,"vi. 复发, 回到, 重现, 再来, 诉诸, 采用, 循环",cet6 ky toefl
recycle,"vt. 使再循环, 重新利用, 再制\nn. 再循环",gk cet6 ky toefl ielts
red,"a. 红的, 红色的, 红肿的, 流血的\nn. 红色, 红颜料, 赤字\n[计] 简化, 减少",zk gk
redecorate,vt.vi. 重新装饰,
redesign,[化] 重新设计,
reduce,"vt. 减少, 分解, 降低, 使衰退, 把...分解, 把...归纳\nvi. 减少, 减肥, 缩小\n[计] 缩小",gk cet4 cet6 ky toefl
refer,"vt. 提交, 归诸于, 把...提交, 使求助于\nvi. 提到, 涉及, 查阅, 查询, 咨询",gk cet4 cet6 ky toefl
referee,"n. 仲裁人, 调解人, 裁判员\nv. 仲裁, 裁判",gk cet6 ky ielts gre
reference,"n. 参考, 索引, 参照\nvt. 给...加上参考资料\nvt. 引用\nvi. 引用\n[计] 引用",gk cet4 cet6 ky ielts
referral,"n. 参照, 介绍, 被介绍人, 转诊病人",
refinery,n. 精炼厂\n[化] 精炼厂炼糖厂,cet6 gre
reflect,"vt. 反射, 反映, 招致, 深思\nvi. 被反射, 映出, 深思, 考虑, 指责",gk cet4 cet6 ky gre
reflexive,"a. 反射的, 折回的, 折转的, 内省的, 反省的, 反身的\nn. 反身代词, 反身动词",
refresh,"vt. 使清新, 使恢复, 使生气蓬勃\nvi. 提起精神, 恢复精神, 吃点心, 喝饮料\nvt. 刷新, 重新整理\nvi. 刷新, 重新整理\n[计] 刷新, 重新整理",gk cet4 cet6 ky toefl gre
refreshment,"n. 点心, 起提神作用的事物, 精神爽快",cet4 cet6 ky toefl ielts
refrigerator,"n. 电冰箱, 冷藏库\n[计] 冷冻机; 致冷器",gk cet4 cet6 toefl
refund,"n. 偿还\nvt. 付还, 偿还借款\nvi. 归还, 偿还",ky toefl ielts
refundable,"a. 可偿还的, 可归还的",
regard,"n. 关心, 注意, 尊敬, 关系, 问候\nvt. 视为, 注意, 考虑, 和...有关, 看待\nvi. 注视, 注意",zk gk cet4 cet6 ky toefl
region,"n. 区域, 地带, 地区, 领域, 范围, 区\n[计] 区, 区域",cet4 cet6 ky ielts
rehearsal,"n. 预演, 排演, 练习, 叙述, 复述\n[法] 详述, 列举事实, 复述",cet4 cet6 ky ielts gre
rehearse,"vt. 预演, 排演, 使熟练掌握, 练习, 复述\nvi. 排练, 练习, 演习",toefl gre
reimburse,"vt. 付还, 偿还, 赔偿\n[经] 偿付, 赔还, 付还; 偿还",cet6 toefl ielts gre
reimbursement,"n. 付还, 退还\n[经] 偿付, 赔还",
reinforce,"vt. 加强, 增援, 补充\nvi. 求援, 得到增援\nn. 加固材料",cet4 cet6 ky toefl ielts gre
relate,"vt. 讲, 叙述, 使互相关联\nvi. 有关, 符合, 相处得好",gk cet4 cet6 ky gre
relation,"n. 关系, 联系, 叙述, 故事, 家属, 亲戚\n[计] 关系",zk gk cet4 cet6 ky
relationship,"n. 关系, 关联\n[医] 关系",gk cet4 cet6 ky ielts
relaxation,"n. 松弛, 放松, 减轻, 缓和, 休息, 休养\n[化] 松弛; 驰豫",toefl ielts gre
release,"n. 释放, 发泄, 豁免, 发行, 释放证书\nvt. 释放, 解除, 放松, 豁免, 免除, 发布, 放弃, 让与\nn. 发布\n[计] 版本, 发布",cet4 cet6 ky toefl ielts gre
reliability,"n. 信度, 可靠性\n[计] 可靠性",cet4 cet6 toefl
relieve,"vt. 减轻, 救济, 解除, 使免除, 换...的班, 使得到调剂, 使不单调, 衬托, 使显著\nvi. 救济, 当替补投手, 呈鲜明突出",cet4 cet6 ky toefl
relocate,"vt. 重新安置, 再配置, 放在新地方\n[计] 再定位; 浮动",
relocation,"n. 再布置, 变换布置\n[经] 重新安置",
reluctant,"a. 不情愿的, 勉强的\n[法] 不愿的, 勉强的, 难以处理的",cet4 cet6 ky toefl ielts
remain,"vi. 保持, 逗留, 剩余\n[法] 停留, 居住, 继续",zk gk cet4 cet6 ky
remainder,"n. 剩余物, 其他人, 残余, 余数\nv. 削价出售(图书)\na. 剩余的, 出售削价剩书的\n[计] 余数",cet6 ky toefl gre
remember,"vt. 记得, 回忆起, 记住, 铭记, 纪念\nvi. 记得",zk gk
reminder,"n. 提醒的人, 暗示\n[经] 催单",toefl gre
remodel,"vt. 改造, 改型, 改变",
removal,"n. 移动, 移居, 迁移, 排除, 切除\n[医] 切除, 除去",cet4 cet6 ky ielts
renew,"vt. 使更新, 使恢复, 复兴, 修补, 补充, 继续, 重订, 重申, 续借\nvi. 更新, 重新开始",cet4 cet6 ky toefl
renewal,"n. 更新, 革新, 复兴, 恢复, 修补, 补充, 继续, 重订, 重申, 续借\n[经] 更新, 换新, 重申",toefl ielts
renovate,"vt. 更新, 革新, 刷新, 修复, 使恢复活力",ky toefl gre
renovation,"n. 革新, 刷新, 修理\n[化] 改建",cet6 toefl ielts
renown,"n. 名声, 声望\nvt. 使有声望",gre
rental,"n. 租费, 租金收入\na. 租赁的, 收取租金的",toefl ielts
renter,"n. 承租人, 佃户, 出租人\n[经] 租赁人, 租户, 出租人",
reopen,"v. 重开, 再开始, 再开",
repeatedly,"adv. 重复地, 再三地",cet4 cet6 ky
repetition,"n. 重复, 背诵, 循环, 复制品, 副本\n[机] 重复, 反复",cet4 cet6 ky toefl ielts
replace,"vt. 代替, 替换, 放回, 归还\n[计] 替换; DOS外部命令:取代或更新文件",gk cet4 cet6 ky toefl
replacement,"n. 归还, 更换, 代替者\n[医] 复位, 置换",cet6 ky ielts
report,"n. 报告, 报道, 传说, 案情报告, 爆炸声, 成绩单\nvt. 报告, 汇报, 转述, 报道, 揭发, 使报到\nvi. 报告, 写报道, 报到\n[计] 报告",zk gk ielts
represent,"vt. 表现, 表示, 描绘, 讲述, 代表, 象征, 回忆, 再赠送, 再上演\nvi. 提出异议",gk cet4 cet6 ky toefl ielts
reproduce,"v. 繁殖, 再生, 复制, 生殖\n[计] 复制",cet4 cet6 ky toefl
request,"n. 请求, 需要, 申请书\nvt. 请求, 要求, 邀请\n[计] 请求",gk cet4 cet6 ky toefl ielts gre
require,"vt. 需要, 命令, 要求\n[法] 需要, 要求, 命令",zk gk cet4 cet6 ky
reschedule,"[计] 重安排, 重调度\n[化] 修订计划",toefl
research,"n. 研究, 调查, 考察\nvi. 研究, 调查",zk gk cet4 cet6 ky ielts
resemble,"vt. 相似, 类似",gk cet4 cet6 ky toefl ielts
reservation,"n. 保留, 预定, 保留品, 保留地\n[经] 预定, 预约, 权益保留",gk cet4 cet6 ky ielts
residence,"n. 住宅, 居留, 驻扎, 居住期间\n[医] 住房",cet4 cet6 ky toefl ielts
residential,"a. 住宅的, 与居住有关的\n[法] 有关居住的, 房产的:居所的, 适于居住的",cet6 toefl
resignation,"n. 辞职, 辞呈, 听从\n[经] 辞职",cet4 cet6 ielts gre
resource,"n. 资源, 财力, 办法, 策略, 急智, 消遣\n[计] 资源",cet4 cet6 ky toefl ielts
respect,"n. 尊敬, 尊重, 问候\nvt. 尊敬, 注意, 遵守",gk cet4 cet6 ky toefl
respondent,"a. 回答的, 应答的, 反射的\nn. 应答者, 被告",gre
response,"n. 反应, 回答, 响应\n[计] 应答",cet4 cet6 ky ielts gre
responsibility,"n. 责任, 职责, 负担, 可靠性\n[化] 职责",gk cet4 cet6 ky toefl ielts
rest,"n. 休息, 睡眠, 安息, 稍息, 静止, 支架, 休息处, 其余者, 剩余部分\nvi. 休息, 睡, 长眠, 安心, 静止, 停止, 安置, 依赖\nvt. 使休息, 使支撑, 把...寄托于",zk gk
restatement,"n. 再声明, 重述\n[经] 重报, 重新陈述, 再声明",
restaurant,"n. 餐馆, 饭店",zk gk ielts
restroom,n. 洗手间；休息室；更衣室；厕所,
result,"n. 结果, 成绩, 答案\nvi. 产生, 结果, 致使\n[计] 结果",zk gk cet4 cet6 ky ielts
resume,"vt. 重新开始, 取回, 恢复\nvi. 再开始\nn. 摘要, 个人简历\n[计] 继续执行",cet4 cet6 ky toefl ielts gre
retailer,"n. 零售商人, 传播的人\n[经] 零售商",toefl
retreat,"n. 休息寓所, 撤退, 隐居, 退避\nvi. 撤退, 隐退, 向后倾\nvt. 退(棋)",cet4 cet6 ky toefl ielts gre
retrieve,"vt. 取回, 挽回, 弥补, 恢复, 补偿, 回忆, 检索\nvi. 找回猎物\nn. 取回, 恢复, 救险球\n[计] 检索",cet4 cet6 ky toefl ielts gre
return,"n. 回来, 返回, 来回票, 归还, 报答, 利润率, 报告书\na. 返回的, 回程的, 报答的, 反向的, 重现的, 复原的\nvi. 返回, 归还, 回来\nvt. 归还, 还, 回报, 产生, 反射, 报告, 申报, 退回\n[计] 返回",zk gk ielts
reunion,"n. 团圆, 重聚\n[医] 再连合, 复连[合]",cet6
review,"n. 检讨, 复习, 回顾, 检阅, 评论\nvt. 温习, 检讨, 评论, 再检察, 复审\nvi. 复习功课, 写评论",zk gk cet4 cet6 ky toefl ielts
reviewer,"n. 评论者, 书评作者, 评论家, 剧评家, 报刊评论家",gk
revision,"n. 校订, 修正, 修订本, 修订版\n[计] 修订版",gk cet6 toefl ielts
revolutionize,"vt. 向...鼓吹革命, 使发生革命性剧变",toefl
rewrite,"vt. 重写, 改写, 改写新闻, 书面答复\nvi. 修改旧作\nn. 改写的作品\n[计] 重写",gk
rich,"a. 富裕的, 富饶的, 浓厚的, 贵重的",zk gk
rider,"n. 骑手, (文件后的)附件, 扶手\n[化] 游码",cet4 cet6 gre
ring,"n. 环, 环形物, 拳击场, 戒指, 角逐, 小集团, 铃声, 钟声, 声调\nvt. 包围, 套住, 按铃, 敲钟\nvi. 成环形, 响, 鸣, 按铃, 敲钟, 回响",zk gk toefl
rise,"n. 上升, 增加, 上涨, 高地, 升高, 出现\nvi. 升起, 起身, 起立, 上升, 上涨, 增长, 高耸, 起义, 浮现\nvt. 使飞起",zk gk cet4 cet6 ky
risk,"n. 冒险, 危险, 保险额\nvt. 冒...的危险, 冒险干",zk gk cet4 cet6 ky toefl
road,"n. 路, 道路, 公路, 途径, 方法\n[法] 公路, 道路, 行车道",zk gk ielts
rock,"n. 岩石, 岩礁, 石头, 基石, 暗礁, 摇动, 摇滚乐\nvt. 摇摆, 摇动, 使摇晃, 使动摇\nvi. 摇, 摇动",zk gk cet4 cet6 ky ielts
role,"n. 角色, 职责, 任务\n[医] 作用, 功用",zk gk cet4 cet6 ky toefl ielts
rose,"n. 玫瑰, 蔷薇, 玫瑰色\na. 玫瑰色的, 玫瑰花的\nvt. 使成玫瑰色\nrise的过去式",zk gk cet4 cet6 ky
round,"n. 圆, 圆形物, 巡回, 循环, 一轮, 一回合, 一局, 范围, 轮唱\na. 圆的, 球形的, 丰满的, 肥胖的, 完全的, 大概的, 完美的, 圆润的\nprep. 围着, 附近, 绕过, 在...周围\nadv. 围绕着, 在周围, 迂回地, 挨个, 朝反方向\nvt. 弄圆, 使成圆形, 绕行, 完成, 围捕, 把...四舍五入\nvi. 变圆, 发胖, 环行, 拐弯, 进展",zk gk
rubber,"n. 橡皮, 橡胶, 做摩擦动作的人, 按摩师, 决胜盘\nvt. 用橡胶制造, 涂橡胶于",zk gk cet4 cet6 ky ielts
rug,"n. 小块地毯, 揭露某人",cet4 cet6 ky
rule,"n. 规则, 统治, 控制, 支配, 规律, 标准, 章程, 破折号, 铅线\nvt. 规定, 统治, 管理, 控制, 支配, 裁决\nvi. 统治, 管辖, 裁定\n[计] 规则, 水线",zk gk cet4 cet6 ky toefl ielts
rumor,"n. 谣言, 传闻\nvt. 谣传",ky toefl
runner,"n. 跑步者, 赛跑者, 送信人, 走私船, 操作者, 滑槽\n[化] 碾碎机; 压碎机",gk cet4 cet6
safely,"adv. 安全地, 确实地",cet4 cet6
salad,n. 色拉,zk gk cet4 cet6 ky ielts
sale,"n. 出售, 卖, 拍卖, 销售额, 廉价出售\n[经] 卖, 出售; 销售(货)",zk gk cet4 cet6 ky toefl ielts
salesman,"n. 售货员, 推销员\n[经] 售货员, 店员, 推销员",gk cet4 cet6 ky
salespeople,"n. 售货员,店员",
salesperson,n. 售货员,
salon,"n. 大会客室, 大厅, 客厅, 交谊室, 沙龙, 美术展览馆, 画廊, 美容院, 发廊",
sandwich,"n. 三明治, 夹心面包, 夹层板\nvt. 插入, 夹入, 把...制成三明治",zk gk cet4 cet6 ky ielts
satellite,"n. 人造卫星\n[医] 伴行静脉, 陪静脉, 陪病部, 随体, 卫星",gk cet4 cet6 ky toefl ielts
satisfactory,"a. 满意的, 赎罪的\n[法] 令人满意的, 令当事人满意的, 充分的",cet4 cet6 ky toefl
sauna,n. 桑拿浴,
save,"n. 救球\nvt. 解救, 挽救, 储蓄, 保存, 节省, 保留\nvi. 挽救, 节省, 救球\nprep. 除...之外\n[计] 保存",zk gk cet4 cet6 ky toefl
scarf,"n. 围巾, 头巾, 领带, 领巾, 嵌接\nvt. 用围巾围, 嵌接",zk gk cet4 cet6 ky gre
scenery,"n. 风景, 景色, 舞台布景",gk cet4 cet6 ky toefl ielts
scholarship,"n. 学问, 学术成就, 奖学金",gk cet4 cet6 ky toefl ielts
science,"n. 科学, 学科, 学问, 自然科学\n[医] 科学",zk gk ielts
score,"n. 得分, 抓痕, 二十个, 刻痕, 帐目, 乐谱, 起跑线, 终点线, 大量\nvt. 刻划, 划线, 获得, 评价, 把...记下\nvi. 刻痕, 记分, 得分\n[计] 得分",zk gk cet4 cet6 ky toefl ielts gre
screen,"n. 幕, 银幕, 屏风, 掩蔽物, 屏蔽, 筛子\nvt. 掩蔽, 放映, 拍摄, 掩护, 筛, 甄别\nvi. 拍电影\n[计] 筛选; 屏幕",zk gk cet4 cet6 ky toefl
sculpture,"n. 雕刻, 雕塑\nvt. 雕刻, 雕塑\nvi. 当雕刻师",gk cet6 ky toefl ielts
sea,"n. 海, 海洋, 海浪, 大量\n[法] 海, 海洋",zk gk
seafood,"n. 海味, 海鲜, 鱼类",ielts
search,"n. 搜寻, 查究\nv. 搜寻, 搜查, 探求, 调查, 搜索\n[计] 搜索, 路径检索程序",zk gk cet4 cet6 ky toefl
seaside,"a. 海边的, 海滨的\nn. 海滨",gk cet6 ky
season,"n. 季节, 时节, 当令期, 时期\nvt. 给...调味, 使成熟, 使老练, 缓和\nvi. 变干燥",zk gk toefl ielts
seasonal,"a. 季节的, 依照季节的, 周期性的\n[经] 季节性的, 季节的",toefl
seat,"n. 座, 座位, 位子, 席位, 所在地\nvt. 使坐下, 使就座, 为...设座于, 使就职\nvi. 安装在底座上",zk gk ielts
second,"n. 秒, 瞬间, 第二名, 支持者, 助手\na. 第二的, 其次的, 次要的, 附加的, 辅助的\nnum. 第二\nvt. 当...助手, 支持",zk gk ielts
section,"n. 区段, 部分, 区域, 节, 截面, 处, 科, 区, 扇区\nvt. 把...分段, 把...切片\nvi. 被切成片\n[计] 扇区",gk cet4 cet6 ky toefl ielts
security,"n. 安全, 安全性, 防护物, 保安, 可靠性, 担保人, 抵押品, 保证金\n[计] 安全性, 保密性, 安全检查程序",gk cet4 cet6 ky toefl
sedan,"n. 轿车, 轿子",
seek,"vt. 寻求, 寻找, 探索, 追求, 搜索, 请求\nvi. 寻找, 搜索\n[计] 查找",gk cet4 cet6 ky
seeker,"n. 搜索者, 探求者\n[法] 搜索人, 搜查人",
seldom,"a. 不常的, 稀少的\nadv. 很少, 不常",zk gk cet4 cet6 ky toefl
sell,"vt. 卖, 背叛, 销售, 出卖\nvi. 卖, 销售\nn. 卖, 推销术, 失望",zk gk
seller,n. 销售者\n[化] 卖方,cet4 cet6
semester,n. 学期,cet4 cet6 ky toefl ielts
seminar,"n. 研究班, 专题讨论会\n[经] 讨论会, 专家讨论会",cet4 cet6 ky ielts
send,"vt. 发送, 使进入, 寄, 派遣, 发射, 使陷于\nvi. 寄信, 派人, 播送\nn. (船的)上升运动\n[计] 发送",zk gk
sender,"n. 寄件人, 发报机\n[经] 送货人, 发送者",
sense,"n. 感应, 感觉, 感官, 意识, 观念, 情理, 知觉, 理智\nvt. 感觉, 觉察, 检测\n[计] 阅读; 检测",zk gk cet4 cet6 ky ielts
separate,"n. 独立件, 抽印本\na. 分开的, 各别的, 单独的, 分隔的\nvi. 分开, 隔开, 分居\nvt. 使分离, 使分开, 区分, 使分居",zk gk cet4 cet6 ky gre
separately,"adv. [表]分开, 不相连, 分隔, 分离, 不同, 单独, 独立, 各自, 各别, 脱离肉体, 灵魂\n[计] 分离地",gk cet4 cet6 toefl
serial,"n. 分期连载作品, 连载小说\na. 连续的, 一连串的, 连载的, 分期偿还的\n[计] 连续的; 串行的",ky ielts gre
series,"n. 串联, 序列, 连续, 系列, 丛书, 套, 级数, 组\n[计] 系列",cet4 cet6 ky ielts
serious,"a. 严肃的, 认真的, 重要的, 严重的\n[电] 严重的",zk gk cet4 cet6 ky toefl ielts
serve,"vt. 可作...用, 服务, 经历, 招待, 供应, 送交, 对待\nvi. 服务, 服役, 侍应, 适合, 有用, 开球\nn. 发球, 轮到发球",zk gk
service,"n. 服务, 贡献, 雇佣, 公职, 服役, 功劳, 仪式, 送达, 行政部门\nvt. 保养, 维修\na. 武装部队的, 服务性的, 仆人的, 耐用的\n[计] 服务, 业务",zk gk ielts
sew,"vt. 缝纫, 缝合, 缝\nvi. 缝纫",gk cet4 cet6 ky toefl
sewer,"n. 下水道, 阴沟, 裁缝师\nvt. 用下水道排, 铺设下水道于",toefl ielts gre
shall,aux. 将,zk gk
shape,"n. 形状, 形态, 外形, 形式, 身材\nvt. 定形, 使成形, 塑造, 计划, 使符合\nvi. 成形, 形成, 成长\n[计] 形状",zk gk cet4 cet6 ky
share,"n. 部分, 参与, 一份, 参股, 份额\nvt. 均分, 分担, 分享, 分配, 共有\nvi. 分享\n[计] 共享; DOS外部命令:在网络或多工系统中提供文件共享\n文件锁定及检测磁盘更动和对超过32MB硬盘分区的支持",zk gk cet4 cet6 ky
sharply,"adv. 锐利地, 严厉地, 厉害地\n[经] 剧烈地",cet4 cet6 toefl
shipment,"n. 装船, 出货\n[经] 运送, 运送(寄出)货物, 装载",cet6 ky toefl
shoot,"n. 射击, 狩猎, 芽, 射伤, 发射, 发芽, 急流, 推力, 摄影, 急送, 滑运道, 浪费\nvt. 射击, 射中, 损毁, 拍摄, 喷出, 投射, 挥出, 飞速行进, 挥霍, 给...注射\nvi. 射出, 射击, 发出, 拍电影, 射门, 发芽",gk cet4 cet6 ky gre
shop,"n. 商店, 工厂, 车间\nvi. 购物, 到处寻找\nvt. 选购",zk gk ielts
shopper,"n. 购物者\n[经] 顾客, 购物的人",
short,"a. 短的, 近的, 矮的, 短期的, 简短的, 少量的\nadv. 简短地, 突然\nn. 扼要, 短片, 缺乏\nvt. 故意少给, 使短路",zk gk ielts
shortage,"n. 不足, 缺乏\n[化] 缺额",cet4 cet6 ky toefl ielts
shorten,"vt. 弄短, 缩短, 减少\nvi. 缩小, 变短",cet6
shortly,"adv. 不久, 简短, 唐突地",gk cet4 cet6 ky
showroom,"n. 陈列室\n[经] 样品间, 陈列室",
shuttle,"n. 穿梭, 梭子, 往返移动之物\nv. (使)穿梭移动, 往返运送",gk cet4 cet6 ky toefl ielts gre
side,"n. 旁边, 侧, 方面, 胁, 侧边, 血统\na. 旁的, 侧的, 次要的\nvt. 同意, 支持\nvi. 支持, 赞助",zk gk ielts
sidewalk,n. 人行道,
sightsee,vt. 游览；观光,
sign,"n. 符号, 招牌, 征兆, 正负号, 手势\nvt. 签名, 打手势表达\nvi. 签名\n[计] 正负号; 符号; 符号字符",gk cet4 cet6 ky ielts
signature,"n. 签字, 识别标志, 调号\n[计] 签名附件",gk cet4 cet6 ky toefl ielts gre
significant,"a. 重要的, 有效的, 有含义的, 暗示的, 值得注意的",cet4 cet6 ky toefl ielts gre
signify,"vt. 象征, 预示\nvi. 要紧, 重要",cet6 ky toefl ielts gre
silently,"adv. 默默地, 静静地",
similar,"a. 相似的, 类似的\nn. 相似的东西",zk gk ielts
similarity,"n. 类似, 类似处\n[法] 类似, 相似, 类似事例",cet6
simple,"a. 简单的, 普通的, 朴素的, 单纯的, 绝对的, 初级的, 原始的, 迟钝的\nn. 出身低微者, 傻子",zk gk ielts
simplify,"vt. 单一化, 简单化",gk cet4 cet6 ky ielts
simply,"adv. 简单地, 只是, 简直, 简朴地, 坦白地",gk
sincerely,adv. 真诚地,gk
sing,"vi. 唱, 唱歌, 演唱, 鸣, 啼\nvt. 唱, 歌颂\nn. 嗖嗖声",zk gk
single,"a. 单身的, 单程的, 单一的, 个别的, 孤独的, 专一的\nn. 一个, 单打, 单程票\nvt. 选出\nvi. 击出一垒打\n[计] 单精度型",zk gk ielts
sister,"n. 姐妹, 姐, 妹, 护士, 修女\nvt. 姐妹般对待",zk gk
site,"n. 位置, 场所, 地点\nvt. 给...择址",cet4 cet6 ky toefl ielts
situation,"n. 情形, 境遇, 位置\n[医] 情境, 处境",zk gk cet4 cet6 ky
size,"n. 大小, 尺寸, 规模, 尺码, 能力, 浆料\nvt. 上浆, 依大小排列\nvi. 可比拟\na. 一定大小的, 一定尺寸的",zk gk ielts
skate,"n. 溜冰, 冰鞋\nvi. 滑冰, 滑过",zk gk cet4 cet6 ky
skateboard,n. 溜冰板,gk
sketch,"n. 素描, 草图, 小品\nv. 描绘略图, 画素描或速写",cet4 cet6 ky toefl ielts
skill,"n. 技术, 技巧, 技能, 熟练, 熟练工人\n[化] 技能",zk gk cet4 cet6 ky ielts
skim,"vt. 撇取浮沫, 略读, 掠过\nvi. 擦过, 浏览\nn. 脱脂乳, 擦过, 表层物\na. 撇去浮沫的",cet4 cet6 ky toefl ielts gre
sleep,"n. 睡眠, 静止, 昏迷, 麻木, 长眠, 冬眠\nvi. 睡觉, 睡眠, 静止\nvt. 睡",zk gk ielts
sleepy,"a. 困乏的, 欲睡的",zk gk cet4 cet6 ielts
sleeve,"n. 袖子, 套管\nvt. 缝上袖子",gk cet4 cet6 ky
slot,"n. 水沟, 细长孔, 硬币投币口, 缝, 狭槽, 狭通道, 位置, 一档(广播节目等)\nvt. 开槽于, 把...纳入机构\n[计] 槽; 存储槽",cet6 ky ielts gre
smile,"n. 微笑, 喜色, 笑容\nvi. 微笑, 觉得好笑\nvt. 微笑着表示",zk gk
smoothly,"adv. 平滑地, 流畅地, 流利地",cet4 cet6 toefl
snack,"n. 小吃, 点心, 快餐\nvi. 吃零食, 吃快餐",gk cet6 ky ielts
snowy,"a. 多雪的, 雪的, 被雪所覆盖着的, 下雪的",zk gk cet4 cet6
soap,"n. 肥皂, 阿谀\nvt. 以肥皂洗, 阿谀\n[计] 评语",zk gk cet4 cet6 ky toefl
soar,"n. 高扬, 翱翔\nvi. 往上飞舞, 高耸, 翱翔",cet6 ky ielts gre
soccer,n. 英式足球,gk cet4 cet6 ky
society,n. 社会；社交界；交往；社团,zk gk cet4 cet6 ky
sock,"n. 短袜, 鞋垫, 一击\nvt. 重击, 猛投, 给...穿袜\nvi. 打击\nadv. 正着地, 不偏不倚地\na. 非常成功的",gk cet4 cet6 ky gre
sofa,n. 沙发,zk gk cet6 ky
solar,"a. 太阳的, 日光的, 源自太阳的\n[医] 太阳的; 腹腔丛的",gk cet4 cet6 ky toefl ielts
solution,"n. 解决, 解答, 溶液\n[化] 溶液",cet4 cet6 ky toefl ielts
somebody,"n. 了不起的人, 大人物\npron. 有人, 某人",zk gk
someday,adv. 有一天,
someone,"pron. 有人, 某人",zk gk
sometime,"a. 以前的, 某一时间的\nadv. 改天, 来日",cet4 cet6 ky
sometimes,"adv. 有时, 时常, 往往",zk gk
son,"n. 儿子, 女婿, 子孙\n[法] 儿子, 女婿, 养子",zk gk
song,"n. 歌, 曲, 鸣声, 歌唱, 歌曲, 诗歌",zk gk
soon,"adv. 不久, 早, 快, 宁可",zk gk
sorry,"a. 难过的, 悲哀的, 遗憾的",zk gk
sort,"n. 种类, 方式, 品质, 态度, 举止\nvt. 分类, 排序, 挑选\nvi. 交往, 协调\n[计] 排序; DOS外部命令:从标准输入设备接收数据, 整个数据输入完后\n对它以行为单位进行排序, 然后在标准输出设备上输出",zk gk cet4 cet6 ky toefl ielts
sound,"n. 声音, 语音, 吵闹, 声调, 听力范围, 探条, 海峡\na. 健全的, 可靠的, 合理的, 健康的, 彻底的, 资金充实的\nadv. 彻底地, 充分地\nvi. 发出声音, 回响, 测深, 试探, 听起来\nvt. 使发声, 宣告, 听诊, 测...深, 试探\n[计] 声音",zk gk ielts
soup,"n. 汤, 马力\nvt. 加速, 增加马力",zk gk cet4 cet6 ky toefl
source,"n. 来源, 水源, 根源, 原始资料, 源\n[计] 来源, 源程序",cet4 cet6 ky ielts
spa,"n. 矿泉, 温泉浴场, 矿泉治疗地\n[计] 软件出版者协会",
space,"n. 位置, 空间, 距离, 太空, 空白, 间隔, (期刊等的)篇幅\nvt. 隔开, 分隔\nvi. 留间隔\n[计] 空白, 空格校验",zk gk cet4 cet6 ky ielts
spacious,"a. 广大的, 宽广的",cet6 ky toefl ielts gre
spam,"n. 罐头猪肉, 垃圾邮件\nv. 发送垃圾邮件",
special,"n. 专辑, 专车, 号外, 特别的东西, 负有特别任务的人员\na. 特别的, 专门的, 特殊的, 额外的, 附加的, 特别亲密的",zk gk cet4 cet6 ky ielts
specially,"adv. 特别地, 专门地",cet4 cet6
specialty,"n. 专业, 专长, 特产, 特制品, 特性, 特点\na. 专门的, 独立的",toefl
specific,"n. 特效药, 特性\na. 特殊的, 明确的, 具有特效的, 特定地, 具体地",gk cet4 cet6 ky toefl ielts
specification,"n. 规格, 详述, 详细说明书\n[计] 规范; 形式说明; 说明; 说明书; 规格",cet6 ky toefl ielts
spectator,"n. 观众, 目击者, 旁观者",cet6 ky toefl ielts gre
speech,"n. 演讲, 说话, 谈话, 言语, 引语, 民族语言\n[医] 言语, 语言",zk gk cet4 cet6 ky ielts
spill,"n. 溢出, 溅出, 摔下, 溢出量, 木片, 小塞子\nvt. 使溢出, 使散落, 洒, 使流出, 倒出, 使摔下\nvi. 溢出, 涌流, 摔下",cet4 cet6 ky toefl ielts
spite,"n. 恶意, 怨恨, 使人烦恼的事物\nvt. 故意刁难, 欺侮",cet4 cet6 ky gre
spokesperson,"n. 发言人, 代言人",
sport,"n. 运动, 游戏, 娱乐, 消遣, 玩笑\na. 运动的, 户外穿戴的\nvi. 游戏, 参加体育运动, 戏弄, 产生变种\nvt. 炫耀, 使产生变种",zk gk ielts gre
spouse,n. 配偶,cet6 ky toefl ielts
spray,"n. 水沫, 浪花, 水花, 喷雾, 喷雾器, 小树枝\nvt. 喷雾, 扫射, 喷射\nvi. 喷, 溅开",gk cet4 cet6 ky toefl ielts
spreadsheet,"n. 空白表格程序, 电子制表软件, 电子数据表\n[计] 电子表格",
stack,"n. 堆叠, 堆, 大量, 书库, 枪架, 烟囱, 堆积, 存贮栈\nvt. 堆积, 堆满, 暗中对...做手脚\nvi. 堆起\n[计] 堆积, 堆栈",cet4 cet6 ky toefl ielts
stadium,"n. 露天大型运动场\n[医] 期, 病期",gk cet4 cet6 ky ielts
staff,"n. 全体人员, 工作班子, 棍棒, 杆, 拐杖, 支柱, 权杖\na. 职员的, 雇员的, 参谋的\nvt. 为...配备人员",gk cet4 cet6 ky toefl ielts
stage,"n. 阶段, 舞台, 场所, 戏剧, 站, 驿站, 级, 层, 脚手架\nvt. 上演, 表演, 筹划\nvi. 适于上演, 乘驿车旅行",gk cet4 cet6 ky ielts
standard,"n. 标准, 规格, 旗, 军旗, 本位\na. 标准的, 合规格的\n[计] 标准",zk gk cet4 cet6 ky toefl ielts
staple,"n. 主要产物, 常用品, 主要要素, 原料, 订书钉, 钩环\na. 主要的, 重要的\nvt. 分级, 钉住",ky toefl ielts gre
stapler,"n. 主要物产商, 把羊毛分级的人, 订书机\n[经] 主要商品批发商",
star,"n. 星, 恒星, 星形物, 运气, 明星\nvt. 以星状物装饰, 用星号标, 使成为明星\nvi. 变成明星",zk gk ielts
statement,"n. 陈述, 指令, 声明\n[计] 程序语句; 语句",gk cet4 cet6 ky ielts
station,"n. 车站, 站, 局, 驻地, 位置, 身分, 地位\nvt. 安置, 配置, 驻扎\n[计] 站",zk gk ielts
stationery,"n. 文具, 信纸\n[法] 文具",cet6 ky toefl ielts
statistics,"n. 统计学, 统计资料\n[计] 统计信息",gk cet4 cet6 ky toefl ielts
statue,vt. 以雕像装饰\nn. 雕像,gk cet4 cet6 ky toefl ielts
stay,"n. 停留, 逗留, 制止, 延缓, 停止, 支柱, 支撑物, 支索\nvt. 制止, 延缓, 坚持, 支持, 支撑, 用支索固定\nvi. 停留, 逗留, 暂停, 坚持, 中止",zk gk
steadily,"adv. 稳定地, 无变化地, 有规则地",cet4 cet6
steak,"n. 牛排, 鱼排, 肉排",gk cet6 ky toefl ielts
steer,"vt. 引导, 驾驶, 航行, 控制\nvi. 驾驶, 掌舵, 行驶\nn. 驾驶指示, 劝告",cet4 cet6 ky toefl ielts gre
step,"n. 步骤, 步, 步幅, 脚步声, 踏级, 步伐, 短距离, 步态, 手段, 等级\nvt. 踏, 以步测量, 跨步, 使成阶梯状\nvi. 跨步, 轻快地走, 跳舞, 踩, 踏上, 行走\n[计] 步骤",zk gk cet4 cet6 ky
stereo,"n. 铅版, 立体照片\na. 立体的, 立体感觉的",cet6 ky ielts
stick,"n. 棍, 棒, 刺, 枯枝, 茎, 条状物\nvt. 插进, 刺入, 钉住, 伸出, 粘贴, 停止\nvi. 粘住, 停留, 坚持, 陷住, 伸出",zk gk cet4 cet6 ky toefl ielts
sticker,"n. 屠夫, 尖刀, 刺, 芒, 尖物, 携带尖刀者, 张贴物, 滞销品, (非正式)难题\n[经] 呆滞商品",
stimulus,"n. 刺激, 激励, 刺激品\n[医] 刺激特, 刺激",cet6 toefl ielts gre
stock,"n. 树干, 祖先, 血统, 原料, 备料, 库存, 牲畜, 股票, 股份, 保留剧目\na. 存货的, 常备的, 平凡的, 普通的, 股票的, 保留剧目的, 繁殖用的\nvt. 装把手于, 进货, 备有, 放牧\nvi. 出新芽, 备货, 囤积",cet4 cet6 ky toefl ielts gre
stockbroker,n. 股票经纪人,
stockholder,"n. 股东\n[法] 股东, 股票持有者, 股票所有人",cet6
store,"n. 商店, 贮藏, 仓库, 备用品, 存储器\nvt. 储存, 贮藏, 供给\nvi. 贮藏\na. 贮藏的, 现成的\n[计] 存储器操作; 存储",zk gk ielts
storeroom,"n. 储藏室, 库房\n[经] 仓库货栈, 储藏室",
story,"n. 故事, 小说, 传奇, 描述, 阅历, 经历, 层",zk gk ielts
strategic,"a. 战略的, 战略上的\n[经] 战略的",cet4 cet6 ielts
strategy,"n. 战略, 策略\n[经] 战略, 策略",cet4 cet6 ky toefl ielts
streamline,"n. 流线, 流线型\nvt. 使成流线型, 使合理化",cet6 ky toefl
street,"n. 街道, 马路, 街区\na. 街道的",zk gk ielts
strictly,"adv. 严格地, 确实地",cet4 cet6
strike,"n. 罢工, 打击, 殴打\nvt. 打, 撞击, 冲击, 侵袭, 取消, 结算, 打掉, 罢工, 刺透, 使生根, 遇见\nvi. 打, 打击, 抓, 罢工, 搏动, 触礁, 敲, 响, 穿透, 打动",gk cet4 cet6 ky toefl ielts
stripe,"n. 斑纹, 条纹\n[医] 纹, 条纹",cet4 cet6 ky toefl ielts
strong,"a. 强壮的, 坚固的, 坚强的, 强烈的, 有力的, 优良的\nadv. 强劲地, 有力地, 猛烈地",zk gk
structure,"n. 结构, 构造, 建筑物\nvt. 构成, 组织",cet4 cet6 ky
study,"n. 学习, 研究, 学科, 论文, 求学, 书房, 试作\nvt. 学习, 读书, 研究, 考虑, 计划\nvi. 学习, 思索",zk gk ielts
stuff,"n. 原料, 要素, 东西, 材料, 素质, 织品, 废物, 废话\nvt. 装填\nvi. 狼吞虎咽",cet4 cet6 ky ielts
style,"n. 风格, 时尚, 文体, 风度, 字体, 类型\nvt. 称呼, (根据新款式)设计, 使合潮流\nn. 风格, 样式\n[计] 风格, 样式",gk cet4 cet6 ky ielts
subject,"n. 科目, 主题, 臣民, 主语, 题目, (事物的)经受者, 学科, 受治疗者, 原因, 理由\na. 服从的, 易患...的, 隶属的, 受支配的\nadv. 在...条件下\nvt. 使隶属, 使受到\n[计] 主题, 主体",gk ielts gre
submission,"n. 屈服, 服从, 谦恭, 呈递, 提交, 意见\n[经] 提交, 提出, 提交公断",toefl gre
subscribe,"vt. 捐献, 签署\nvi. 赞成, 同意, 捐款, 预订, 认购\n[计] 订阅",gk cet6 ky ielts gre
subscriber,"n. 签署者, 捐献者, 订户\n[经] 定户",
subscription,"n. 捐献, 订金, 订阅, 签署, 同意\n[化] 订购",cet6
subsidize,"vt. 补助, 资助, 贿赂\n[经] 资助, 津贴, 给...补助金",ky toefl
substantially,"adv. 实质上, 本质上, 大体上",cet6 toefl
subtract,"vt. 减去, 扣掉, 减少\nvi. 做减法\n[计] 减",cet4 cet6 ky toefl ielts gre
suburb,"n. 市郊住宅区, 郊区, 边缘",cet4 cet6 ky toefl ielts
subway,"n. 地铁, 地道\nvi. 乘地铁",cet4 cet6 ky toefl
success,"n. 成功, 成就, 胜利",zk gk cet4 cet6 ky
successful,"a. 成功的, 一帆风顺的, 顺利的\n[经] 成功的",zk gk cet4 cet6 ky toefl ielts
suddenly,"adv. 突然, 意外, 忽然, 迅速, 即席作成, 即刻, 急速",cet4 cet6
sue,"vt. 控告, 起诉, 请求\nvi. 提出诉讼, 提出请求",cet6 ky toefl ielts
suffer,"vt. 遭受, 经历, 忍受\nvi. 受痛苦, 受损害",gk cet4 cet6 ky toefl
suggest,"vt. 提议, 建议, 促成, 暗示, 启发, 使人想起\n[法] 建议, 提出, 提议",zk gk toefl
suitcase,n. 手提箱,gk cet6 toefl ielts gre
suite,"n. 随员, 套房, (一)组, (一)套, 组曲, 继之而来的事\n[电] 程序组",gk ky toefl ielts
summer,"n. 夏季, 全盛时期\nvi. 避暑, 过夏天\n[计] 加法器",zk gk ielts
sunny,"a. 阳光充足的, 乐观的, 快乐的, 像太阳的",zk gk
sunscreen,n. (防晒油中的)遮光剂,
sunshine,"n. 阳光, 光明, 晴天",gk cet4 cet6 ky toefl
superb,"a. 极度的, 华丽的, 极好的",gk cet6 ky toefl ielts gre
superior,"n. 长者, 占优势的人, 上级\na. 上级的, 出众的, 高傲的",gk cet4 cet6 ky toefl ielts
supermarket,"n. 超级市场\n[经] 超级市场, 自助售货商店",zk gk ielts
supervise,"v. 监督, 管理, 指导",cet6 ky toefl ielts gre
supervisor,"n. 管理者, 监督者, 指导者, 视导员\n[计] 管理程序",toefl ielts
supply,"n. 补给, 供给, 供应品\nvt. 补给, 供给, 提供, 补充\nvi. 替代",zk gk cet4 cet6 ky ielts
support,"n. 支持, 支撑, 援助, 供养, 支撑物\nvt. 支援, 支撑, 帮助, 支持, 忍受, 供养, 证实\n[计] 后援; 支持",gk cet4 cet6 ky ielts
suppose,"vt. 推想, 假设, 以为, 想像, 假定\nvi. 料想",zk gk cet4 cet6 ky toefl
surf,"n. 海浪, 拍岸浪\nvi. 作冲浪运动",
surprise,"n. 惊奇, 奇袭, 诧异\nvt. 使惊奇, 撞见, 奇袭",zk gk ielts
survey,"n. 纵览, 视察, 测量, 俯瞰, 调查\nvt. 审视, 视察, 俯瞰, 通盘考虑\nvi. 测量土地",cet4 cet6 ky toefl ielts
suspicious,"a. 可疑的, 多疑的, 怀疑的\n[法] 怀疑的, 令人怀疑的, 可疑的",cet4 cet6 ky toefl ielts gre
sweater,"n. 毛衣, 毛线衫, 运动衫, 出汗者\n[化] 发汗器",zk gk cet4 cet6 ky ielts
system,"n. 系统, 体系, 制度, 方式, 秩序, 分类原则\n[计] 系统; 体制; 体系",gk cet4 cet6 ky toefl ielts
table,"n. 桌子, 餐桌, 工作台, 铭文, 表格, 表, 高原, 平地层\nvt. 搁置, 嵌合, 制表, 把...列入议事日程\n[计] 表格, 模拟运算表",zk gk ielts gre
tablecloth,n. 台布,
tablet,"n. 平板, 门牌, 笔记簿, 碑, 匾, 药片\n[化] 片剂",cet4 cet6 ky ielts
tactic,"n. 一项战术, 一条策略\na. 战术的, 顺序的, 排列的",ky ielts gre
tag,"n. 标签, 附属物, 碎片, 结束语, 口头禅, 附加语, 浑名, 标记, 标记符\nvt. 附以签条, 尾随, 添饰, 起浑名, 连接\nvi. 紧紧跟随\n[计] 标记",cet4 cet6 ky toefl ielts gre
tailor,"n. 裁缝, 成衣匠\nvt. 缝制, 制作, 使适应\nvi. 做裁缝",gk cet4 cet6 ky toefl
takeover,"n. 接管, 接收\n[经] 接收",
taker,"n. 取者, 捕者, 接受者, 收取者\n[法] 受者, 收票人, 接受打赌的人",
target,"n. 目标, 靶子, 指标\nvt. 对准, 订指标",gk cet4 cet6 ky toefl ielts
task,"n. 工作, 任务, 作业, 困难的工作\nvt. 派给...工作, 使辛劳\n[计] 任务",zk gk cet4 cet6 ky
tasty,"a. 好吃的, 可口的",gk toefl gre
tax,"n. 税, 税款, 重负, 会费\nvt. 课以税, 使负重荷, 斥责",gk cet4 cet6 ky toefl
teach,"vt. 教, 讲授, 教导, 教育\nvi. 教书, 教学, 可以教",zk gk
teacher,"n. 教师, 老师, 导师",zk gk ielts
tech,n. 技术学院或学校,
technician,n. 技师\n[化] 技师,cet4 cet6 ky ielts
technology,"n. 技术, 工业技术, 术语\n[医] 技术学, 工艺学",zk gk cet4 cet6 ky ielts
teen,"n. 愤怒, 悲哀",
telecommunication,"n. 电讯, 远距离通讯, 无线电通讯\n[计] 远程通信, 电信",
television,n. 电视\n[电] 电视,zk gk ielts
teller,"n. 叙述者, 讲故事者, 出纳员\n[经] 出纳员",
temporarily,"adv. 暂时, 一时, 临时",toefl
tempt,"vt. 诱惑, 引诱, 引起...的兴趣, 吸引, 冒...风险",cet4 cet6 ky toefl
tenant,"n. 承租人, 房客, 居住者\nvt. 租借\n[计] 占据者",cet4 cet6 ky toefl gre
tend,"vi. 走向, 有某种的倾向, 易于, 照顾, 注意\nvt. 照料, 护理",gk cet4 cet6 ky gre
term,"n. 术语, 专有名词, 期限, 学期, 任期, 条件, 价钱, 关系, 地位, 项, 界石\nvt. 称, 呼\n[计] 检索词; 项",zk gk cet4 cet6 ky toefl ielts
terminal,"n. 终端机, 终点, 末端, 极限, 终点站\na. 终点的, 定期的, 致死的, 结尾的, 末端的, 晚期的\n[计] 终端; 终端设备",gk cet4 cet6 ky toefl ielts gre
terminate,"a. 有结尾的, (可)结束的\nvi. 结束, 终止, 满期\nvt. 使停止, 使结束, 使终止\n[计] 终止",cet6 ky toefl ielts gre
termination,"n. 终止, 结束, 结果, 词尾\n[化] 终止",toefl gre
terrific,"a. 非常好的, 极端的, 可怕的",cet4 cet6 ky toefl ielts
test,"n. 测试, 试验, 化验, 检验, 考验, 甲壳\nvt. 测试, 试验, 化验\nvi. 接受测验, 进行测试",zk gk cet4 cet6 ky ielts
textbook,n. 教科书,gk cet4 cet6 ky ielts
thank,"n. 谢意, 感谢\nvt. 谢谢, 感谢",zk gk
theft,"n. 盗窃, 失窃, 盗窃罪, 赃物\n[法] 盗窃行为, 偷窃, 失窃",gk cet6 ky toefl ielts
themselves,"pron. 他们自己, 她们自己, 它们自己",zk gk
theory,"n. 理论, 学说, 原理, 意见, 推测\n[化] 理论",gk cet4 cet6 ky ielts
therefore,"adv. 因此, 所以",gk cet4 cet6 ky toefl
thirsty,"a. 口渴的, 渴望的, 干燥的",zk gk
thorough,"a. 十分的, 彻底的",gk cet4 cet6 ky toefl ielts
thoroughly,"adv. 彻底地, 绝对地, 透彻地, 详尽地, 周到地, 完全地, 完善地, 全面地",cet6 toefl
though,"adv. 然而, 可是\nconj. 虽然, 纵然",zk gk
thrill,"n. 震颤, 激动, 刺激性, 一阵激动\nvi. 震颤, 颤抖, 激动\nvt. 使激动, 使颤动",gk cet4 cet6 ky ielts
throughout,"adv. 到处, 贯穿全部地, 自始至终\nprep. 遍及, 在各处\n[计] 吞吐量",gk cet4 cet6 ky ielts
throw,"vt. 投, 掷, 抛, 发射, 摔下, 匆匆穿上(或脱下), 抛弃, 摆脱\nvi. 丢, 掷, 抛\nn. 投掷, 掷骰子, 冒险",zk gk toefl
thunderstorm,n. 雷暴雨,gk toefl
thus,"adv. 如此, 因此, 到如此程度\n[医] 乳香",gk cet4 cet6 ky
tidy,"n. 椅子的背罩, 装杂物的容器\na. 整齐的, 有条理的\nvt. 弄整齐, 收拾, 整理\nvi. 整理, 收拾",zk gk cet4 cet6 ky ielts gre
tile,"n. 砖瓦, 瓷砖, 瓦片\nvt. 铺以瓦, 铺以瓷砖\n[计] 平铺",cet6 ky toefl ielts
timeline,"n. 时间轴, 时间表",
timely,"a. 及时的, 适时的\nadv. 及时地",cet6 ky ielts gre
timer,"n. 计时员, 计时器\n[计] 计时器",
timetable,n. 时间表,gk cet4 cet6 ielts
toiletry,"n. 化妆用品, 梳妆用具, 化妆用具\n[化] 化妆用品",
toll,"n. 通行费, 代价, 钟声\nvt. 征收, 敲钟, 鸣钟, 勾引, 引诱\nvi. 征税, 鸣钟",ky toefl ielts gre
tomato,"n. 番茄, 西红柿",zk gk cet4 cet6 ky toefl
tomorrow,"n. 明天, 未来\nadv. 明天, 未来地",zk gk
ton,n. 吨\n[经] 吨,zk gk cet4 cet6 ky
toner,n. 调色剂\n[计] 增色剂; 色粉,
top,"n. 顶部, 顶端, 极点, 上面, 上部, 顶篷, 最高地位, 首位, 陀螺\na. 最高的, 顶上的, 头等的\nvt. 盖, 加以顶, 高达, 超越\nvi. 结束, 达到顶点, 高出\n[计] TOP协议",zk gk cet4 cet6 ky ielts
total,"a. 全体的, 总的, 全然的\nvt. 计算...的总和, 共计为\nvi. 合计\nn. 总数, 全体, 合计\nadv. 统统",zk gk cet4 cet6 ky ielts
touch,"n. 触觉, 碰, 触, 机灵, 轻触, 格调, 少许, 缺点, 弹力\nvt. 接触, 触摸, 触及, 使接触, 达到, 涉及, 影响到, 使轻度受害, 感动\nvi. 触摸, 接近, 涉及, 提到",zk gk cet4 cet6 ky toefl
tow,"n. 拖, 拖绳, 拖轮\nvt. 拖, 拉, 牵引",cet6 ky toefl ielts
toward,"prep. 向, 对于, 为了\na. 即将来临的, 进行中的",zk gk cet4 ky
towel,"n. 手巾, 毛巾\nv. 擦干身子",zk gk cet4 cet6 ky toefl ielts
town,"n. 城镇, 市, 镇\n[法] 城镇, 城市, 闹市",zk gk ielts
track,"n. 轨迹, 足迹, 径迹, 小道, 轨道, 磁轨, 途径\nvt. 循路而行, 追踪, 通过, 用纤拉\nvi. 追踪, 留下足迹, 沿轨道运行\n[计] 跟踪",gk cet4 cet6 ky toefl ielts gre
trade,"n. 贸易, 商业, 交易, 生意, 职业, 顾客, 信风\nvi. 进行交易, 做买卖, 经商, 对换, 购物\nvt. 用...进行交换",zk gk cet4 cet6 ky ielts
trademark,n. 商标\n[法] 商标,cet6 ky
traditional,"a. 传统的, 惯例的\n[经] 传统的, 惯例的",zk gk cet4 cet6 ielts
traditionally,adv. 传统上；传说上；习惯上,toefl
train,"n. 火车, 列车, 行列, 长队, 一连串的后果, 顺序\nvt. 训练, 教育, 对准\nvi. 受训练, 锻炼",zk gk ielts
trainee,"n. 实习生, 新兵, 受培训者\n[经] 学徒工, 培训人员",
trainer,"n. 训练员, 驯马师\n[电] 列车器",gk
transaction,"n. 交易, 办理, 学报, 和解协议\n[计] 事务处理",cet6 ky toefl ielts gre
transit,"n. 经过, 通行, 运输, 运输线, 转变\nvt. 运送, 使通过, 经过\nvi. 通过",cet6 toefl ielts
translation,"n. 翻译, 译文, 转化, 调任, 平移, 转译\n[计] 转换",gk cet4 cet6 ky toefl
translator,n. 翻译者\n[计] 翻译程序; 翻译器,gk
transmission,"n. 传输, 传送, 变速器\n[计] 传输",cet4 cet6 ky toefl ielts
transmit,"vt. 传输, 传染, 传达, 遗传, 发射, 传播\nvi. 发射信号, 留传下来\n[计] 传送",cet4 cet6 ky toefl gre
trash,"n. 垃圾, 废物\nvt. 丢弃",ky toefl
travel,"n. 旅行, 游历, 行进\nvi. 旅行, 行进, 移动, 被传播\nvt. 旅行, 通过, 使移动",zk gk ielts
traveler,"n. 旅行者, 游客, 旅客, 旅行推销员, 活动起重架, 行车, 临时记帐单",gk
tray,"n. 托盘, 公文盘, 满盘, 发射箱\n[化] 淋盘",cet4 cet6 ky toefl
treat,"n. 宴请, 款待\nvt. 视为, 对待, 论述, 治疗, 款待\nvi. 讨论, 谈判, 作东",gk cet4 cet6 ky toefl
treatment,"n. 治疗, 待遇, 处理\n[医] 疗法, 治疗; 处理",zk gk cet4 cet6 toefl ielts
tree,"n. 树, 木料, 树状物\nvt. 把...赶上树\n[计] 树; DOS外部命令:显示指定磁盘驱动器的目录结构",zk gk ielts
tremendous,"a. 巨大的, 非常的, 可怕的",cet4 cet6 ky toefl ielts gre
trip,"n. 旅行, 绊倒, 摔倒, 失足, 差错, 旅程\nvt. 使跌倒, 使犯错, 使失败\nvi. 轻快地走, 绊倒, 失误, 犯错, 结巴, 旅行, 远足",zk gk toefl ielts
tropical,"a. 热带的, 热情的\n[医] 热带的",cet4 cet6 ky toefl
trouble,"n. 烦恼, 麻烦, 困难, 动乱, 故障\nvt. 困扰, 麻烦, 使烦恼, 折磨\nvi. 烦恼, 费心",zk gk toefl ielts
true,"a. 真实的, 正确的, 忠诚的, 可靠的, 纯粹的, 正式的\nn. 真实, 准确\nadv. 真实地, 准确地",zk gk
tuition,"n. 学费, 讲授",cet4 cet6 ky toefl ielts
tuna,"n. 金枪鱼, 金枪鱼肉",cet6
tunnel,"n. 隧道, 地下道\nvi. 挖隧道\nvt. 掘隧道于",cet4 cet6 ky toefl ielts
turnover,"n. 翻倒, 翻转, 半圆酥饼, 营业额, 流通, 周转\na. 可翻转的",cet6 ky ielts
type,"n. 类型, 样式, 典型, 榜样, 标志, 符号, 型, 式\nvi. 打字\nvt. 作为代表, 测定类型, 用打字机打\n[计] 类型; 键入; DOS内部命令:在屏幕上显示指定文件的内容",gk cet4 cet6 ky ielts
umbrella,"n. 伞, 雨伞, 保护伞\na. 伞的, 包罗万象的\nvt. 用伞遮掩",zk gk
unattended,"a. 无人出席的, 无随员的, 无侍从的, 无伴的, 未被注意的",
unauthorized,"a. 未经许可的\n[法] 无权的, 未经授权的, 未经许可的",
unavailable,"a. 得不到的, 不能利用的, 无用的\n[化] 不可得的; 无效的; 不能利用的",
unclear,"a. 不易了解的, 不清楚的, 含混的",
uncomfortable,"a. 不舒服的, 不自在的, 不安的",gk cet4 cet6 ielts
underground,"n. 地下, 地铁, 地道, 秘密活动\na. 地下的, 秘密的\nadv. 在地下, 秘密地",zk gk toefl ielts
underline,"vt. 在...下面划线, 作...的衬里, 强调\nn. 下划线, 图下说明文字\n[计] 加下划线; 下划线",gk cet4 cet6 ky ielts
underway,a. 航行中的；进行中的；起步的,
unemployed,"a. 失业的, 未被利用的\n[经] 没有被雇用的, 失业的, 没有被利用的",toefl
unexpected,"a. 料想不到的, 突然的, 意外的\n[法] 不能预料的, 意外的",cet4 cet6 ky
unfamiliar,a. 不熟悉的,
unhappy,"a. 不快乐的, 不幸的, 不适当的",gk cet4 cet6
unit,"n. 单位, 分队, 部队, 单元, 部件, 装置\na. 单位的, 单元的\n[计] 单元常数; 部件",zk gk cet4 cet6 ky
university,n. 大学,zk gk cet4 cet6 ky
unless,conj. 除非\nprep. 除...之外,zk gk cet4 cet6 ky toefl
unlimited,"a. 无限的, 不受限制的, 无条件的\n[经] 无限的, 不定的",cet6
unload,"vi. 卸货\nvt. 从...卸下, 摆脱...之负担, 倾销, 卸(货)\n[计] 卸载",cet4 cet6 ky toefl
unnecessary,a. 不必要的,cet4 cet6
unpaid,"a. 未付款的, 不支薪水的\n[经] 未付的, 未缴纳的",cet6
unpleasant,"a. 使人不愉快的, 使人厌恶的, 煞风景的",gk cet4 cet6
unplug,"vt. 拔开...的塞子, 拔去...的插头, 除掉...的障碍物",
unreal,"a. 假的, 虚构的, 不真实的, 幻想的",
unreliable,"a. 不可靠的\n[法] 不可靠的, 靠不住的",cet6 ielts
unspecified,"a. 未特别指出的, 未特别提到的",
unsure,"a. 不肯定的, 不确定的, 没有自信的",
unused,"a. 不用的, 不在使用的, 从未用过的",
unusually,"adv. 不寻常地, 异乎寻常地, (非正式)非常",cet4 cet6
upcoming,"a. 即将来临的, 即将出现的",
upgrade,"n. 上坡, 升级, 上升\nadv. 往上\nvt. 使升级, 提升, 改良品种\nvi. 升级\n[计] 升级",cet6 ky toefl gre
upon,"prep. 在...之上, 迫近, 紧接着",zk gk cet4 cet6 ky
upstairs,"a. 楼上的\nadv. 在楼上, 向楼上, 处于更高地位\nn. 楼层",zk gk cet4 cet6 ky
urgent,"a. 紧急的, 急迫的, 催逼的\n[经] 紧急的, 急迫的",gk cet4 cet6 ky toefl gre
urgently,adv. 急切地；迫切地；紧急地,
usage,"n. 用法, 使用, 习惯, 惯用法, 习惯法\n[经] 使用情况, 使用用途, 惯例",cet4 cet6 ky ielts
useful,"a. 有用的, 有益的\n[机] 有用的, 有效的",zk gk cet4 cet6 ky ielts
usually,"adv. 通常, 大抵",gk
utility,"n. 功用, 有用之物, 实用, 公用事业, 实用程序\na. 实用的, 有多种用途的\n[计] 实用程序, 工具",cet4 cet6 toefl ielts
vacancy,"n. 空, 空白, 空缺, 空虚, 空闲\n[化] 空位",toefl ielts
vacant,"a. 空的, 空白的, 空虚的, 空闲的, 茫然的, 空缺的\n[法] 空的, 空虚的, 闲暇的",gk cet4 cet6 ky toefl
vacate,"vt.vi. 使空出, 搬出, 腾出, 不再使用/居住, 解除(职位), 撤离(阵地), 辞职, 退位\nvt. 取消, 使作废",toefl
vacation,"n. 假期, 休假\n[法] 假期, 停审期, 休庭期",zk gk cet4 cet6 ky toefl ielts
vacuum,"n. 真空, 空间, 真空吸尘器\na. 真空的, 产生真空的, 利用真空的\nvt. 用吸尘器打扫",cet4 cet6 ky toefl ielts
valid,"a. 有确实根据的, 有法律效力的, 正当的, 正确的\n[经] 有效的",gk cet4 cet6 ky toefl
validate,"vt. 使有效, 使生效, 确认, 证实, 验证\n[计] 验证",toefl gre
value,"n. 价值, 价格, 购买力, 评价, 估价, 计算结果\nvt. 评价, 估价, 重视\n[计] 计算结果",zk gk cet4 cet6 ky ielts
vanilla,"n. 香草, 香子兰",gk gre
variety,"n. 多样, 种类, 变种, 杂耍\n[化] 变种",gk cet4 cet6 ky toefl ielts
various,"a. 不同的, 各种的, 多方面的, 许多的, 个别的, 杂色的\n[法] 不同的, 种种的, 各式各样的",gk cet4 cet6 ky toefl ielts
vase,"n. 花瓶, 瓶",gk cet4 cet6 ky
vegetarian,"n. 素食者, 食草动物\na. 素食的",ky toefl ielts
vendor,"n. 小贩, 卖主, 自动售货机\n[计] 计算机销售商",gre
venue,"n. 犯罪地点, 审判地, 发生地点",toefl
verbal,"a. 用言辞的, 言语的, 口头的, 逐字的, 动词的\n[医] 言语的, 口述的",cet6 ky toefl ielts gre
verify,"vt. 证明, 查证, 证实, 检验, 校验\n[计] 校验, 检验; DOS内部命令:设定写入磁盘时是否验证写入的正确性",cet4 cet6 ky toefl gre
version,"n. 一种描述, 版本, 译文\n[计] 版本",gk cet4 cet6 ky toefl ielts
videoconference,n. 视频会议,
view,"n. 视野, 风景, 见解, 视力, 观看, 视图, 指望, 意图, 印象\nvt. 看, 考虑, 视察, 查看, 估量\n[计] 视图",gk cet4 cet6 ky ielts
village,"n. 村庄\na. 乡村的, 村庄的",zk gk ielts
violate,"vt. 违犯, 亵渎, 违反, 侵犯, 妨碍\n[经] 违犯, 违反",gk cet6 ky toefl ielts gre
violation,"n. 违反, 违背, 妨碍\n[法] 违犯, 违背, 违反",cet6 toefl
violin,n. 小提琴,zk gk cet4 cet6 ky
visa,n. 签证\nvt. 签发,gk cet6 ky ielts
visit,"n. 拜访, 访问, 游览, 视察\nvt. 拜访, 访问, 参观, 视察, 降临\nvi. 访问, 参观, 闲谈",zk gk
vitamin,n. 维生素\n[化] 维生素,cet4 cet6 ky
voice,"n. 声音, 嗓音, 嗓子, 愿望, 发言权, 表达, 喉舌, 语态\nvt. 表达, 吐露, 调音",zk gk cet4 cet6 ky
volleyball,n. 排球,zk gk cet4 cet6 ky
vote,"n. 投票, 选举, 选票, 表决, 选举权, 得票数\nvi. 投票, 选举\nvt. 投票选举, 投票决定, 公认, 使投票",gk cet4 cet6 ky toefl
voucher,"n. 证人, 保证人, 证明者, 凭证, 凭单\nvt. 证实...的可靠性",ielts
wait,"n. 等待, 等候\nvt. 等候, 期待, 延缓, 伺候, 推迟\nvi. 等, 等候, 耽搁, 伺候用餐\n[计] 等待",zk gk
waiter,n. 侍者,gk cet4 cet6 ky ielts
waitress,"n. 女侍者, 女服务员",gk cet6 ky ielts
waive,"vt. 不坚持要求, 放弃, 推迟考虑, 丢弃\n[经] 放弃权利, 免除, 弃权人",toefl gre
walkway,"n. 走道, 人行道",
wall,"n. 墙, 墙壁, 垣, 内壁, 分界物, 屏障\na. 墙的\nvt. 给...建墙, 禁闭, 用墙围住\n[计] 背景墙",zk gk ielts
wallet,"n. 皮夹\n[法] 皮包, 皮夹, 钱袋",gk cet4 cet6 ky
war,"n. 战争, 战争状态, 战术, 军事, 冲突, 斗争, 竞争\nvi. 进行战争, 作战, 打仗, 战斗\na. 战争的, 战时用的",zk gk cet4 cet6 ky
ward,"n. 病房, 守卫, 保卫, 保护, 监护, 牢房, 行政区, 锁孔内的榫舌\nvt. 使入病房, 守护, 保卫",gk cet6 ky toefl ielts
warehouse,"n. 仓库, 货栈, 大商店\nvt. 储入仓库",gk cet6 ky toefl ielts gre
warranty,"n. 正当理由, 授权, 担保, 保证, 根据\n[经] 保单, 担保书, 保证书",toefl ielts gre
water,"n. 水, 雨水, 海水, 水位, 水面, 流水\nvt. 给...浇水, 供以水, 注入水, 使湿\nvi. 流泪, 流口水, 加水\na. 水的, 水上的, 水生的, 含水的",zk gk ielts
wear,"n. 穿着, 戴, 使用, 耗损, 服装, 耐久性\nvt. 穿着, 戴, 留(须、发等), 呈现, 磨损, 磨成, 耗损, 使疲乏, 消磨\nvi. 磨损, 变旧, 耐久, 渐变, 渐渐消失",zk gk toefl ielts
webpage,n. 网页,
website,n. 网站（全球资讯网的主机站）,zk gk ielts
week,"n. 星期, 周",zk gk
weekday,"n. 周日, 平日\n[计] 工作日",zk gk cet4 cet6 ky
weekend,"n. 周末, 周末休假",zk gk ielts
weight,"n. 重, 重量, 体重, 砝码, 重大, 影响, 力量\nvt. 加重量于, 压迫, 使加权, 称重量\n[计] 粗细",zk gk ielts
welcome,"n. 欢迎, 欢迎词\na. 受欢迎的, 可随意的, 可喜的\nvt. 欢迎, 接待\ninterj. 欢迎",zk gk
wellness,n. 健康,
whale,"n. 鲸\nvi. 捕鲸\nvt. 使惨败, 猛揍",zk gk cet4 cet6 ky toefl
whatever,pron. 无论什么,zk gk cet4 cet6 ky ielts
wheelchair,n. 轮椅,
whoever,"pron. 任何人, 无论谁",cet4 cet6 ky
whole,"n. 全部, 全体, 整体, 完全之体系\na. 所有的, 完整的, 完全的, 纯粹的",zk gk cet4 cet6 ky
wide,"a. 宽的, 广阔的, 普遍的, 宽阔的, 广泛的, 一般的\nadv. 广阔地, 遍及各处地, 广泛地\nn. 大千世界",zk gk ielts
wife,"n. 妻子, 太太, 夫人\n[法] 妻子, 已婚妇女",zk gk
wildlife,n. 野生动植物,gk toefl ielts
willingness,"n. 乐意, 心甘情愿, 愿意",gk
wind,"n. 风, 气息, 气味, 呼吸, 风声, 趋势, 空谈, 卷绕, 弯曲\nvt. 使通风, 嗅出, 使喘气, 吹号角, 上发条, 缠绕, 包, 绞起, 吊起, 使弯曲, 使迂回\nvi. 嗅出猎物, 吹响号角, 卷曲, 蜿蜒, 迂回, 缠绕",zk gk ielts
window,"n. 窗户, 窗子, 窗口\nvt. 给...开窗\n[计] 窗口",zk gk ielts
windy,"a. 多风的, 风强的, 腹胀的, 吹牛的",zk gk cet6 gre
wireless,"n. 无线电\na. 无线的, 无线电的",cet4 cet6
wisely,"adv. 聪明地, 精明地",
wish,"n. 希望, 愿望, 祝愿, 命令, 请求\nvt. 愿, 想要, 希望, 祝愿\nvi. 希望",zk gk
withdrawal,"n. 提款, 撤退, 退回, 撤消, 退隐, 戒毒过程\n[医] 戒除, 脱瘾",toefl
wonder,"n. 奇迹, 惊奇, 惊愕\nvt. 惊奇, 想知道\nvi. 惊讶, 怀疑",zk gk cet4 cet6 ky toefl
wool,"n. 羊毛, 毛织物, 毛线, 绒线\n[医] 羊毛, 绒毛, 棉[花]",cet4 cet6 ky toefl
word,"n. 话, 消息, 词, 诺言, 命令\nvt. 用言辞表达\n[计] 字",zk gk
workbook,"n. 辅助练习册, 工作规程书, 工作记事簿, 笔记本, 工作手册\n[计] 工作簿",
worker,"n. 工人, 劳动者\n[经] 工人, 劳工, 劳动者",zk gk ielts
workforce,"n. 劳动力；工人总数, 职工总数",gk
workplace,"n. 工作场所, 工厂, 车间",gk
workshop,"n. 工场, 车间, 研讨会\n[计] 讨论会; 专题研究组",cet4 cet6 ky ielts
worldwide,a. 全世界的,gk cet4 ky toefl
worry,"n. 担心, 烦恼, 忧虑, 苦恼, 撕咬\nvt. 使烦恼, 使焦虑, 使苦恼, 困扰, 折磨, 撕咬\nvi. 烦恼, 担心, 撕咬",zk gk
worth,"n. 价值, 财产\na. 值...的, 值得的",zk gk
worthwhile,"a. 值得花时间的, 值得做的, 有真实价值的",gk cet4 cet6 ky ielts
wrinkle,"n. 皱纹, 妙计, 方法, 技巧\nvi. 起皱\nvt. 使起皱纹",gk cet6 ky toefl ielts gre
wristwatch,n. 手表,toefl
wrong,"a. 错误的, 不正当的, 失常的\nadv. 错误地",zk gk
yeah,"adv. (非正式)是, 是的",
yearly,"a. 每年的, 一年一度的\nadv. 一年一次, 每年",cet4 cet6 ky
yen,"n. 日元(日本货币单位), 渴望, 嗜好\nvi. 渴望",toefl ielts
yes,"adv. 是\nn. 是, 同意\nv. 同意",zk gk
yesterday,n. 昨天\nadv. 昨天,zk gk
yoga,n. 瑜珈,ielts
yourself,pron. 你自己,zk gk
zoo,n. 动物园,zk gk ielts
